GM102B_rel,GM302B_rel,GM502B_rel,GM702B_rel,temperature,humidity,treatment,timestamp,time
0.0,0.0,0.0,0.0,37.52,45.68,TEST_20250423_124337,1745387017.049032,1
-0.22358842462608663,-1.6640050626247103,-1.6911303669567133,-0.42077100534561396,37.52,45.75,TEST_20250423_124337,1745387017.049032,2
0.31856593591282945,0.47436793662564014,0.4624822604637302,0.09480266062246301,37.51,45.71,TEST_20250423_124337,1745387017.049032,3
-0.7968378894152011,-2.1373109179812673,-2.132914783038359,-0.49015603934867613,37.54,45.67,TEST_20250423_124337,1745387617.807287,4
0.35050713943064693,0.7120829455716375,0.7040723128866375,0.15491280424316756,37.51,45.7,TEST_20250423_124337,1745387617.807287,5
0.41438954646673665,1.1875129634645418,1.1872524177306332,0.275133091484804,37.51,45.68,TEST_20250423_124337,1745387617.807287,6
0.031941203517817485,0.2377150089459974,0.24159005242290732,0.06011014362070455,37.52,45.67,TEST_20250423_124337,1745387617.807287,7
-1.275109842917118,-3.8002538993368944,-3.8033473056138973,-0.8855094180748893,37.55,45.69,TEST_20250423_124337,1745387617.807287,8
0.0,0.0,0.0,0.0,37.52,45.68,TEST_20250423_124337,1745387617.807287,9
-1.051521418291486,-2.136248836712184,-2.112216938657184,-0.4647384127292753,37.55,45.62,TEST_20250423_124337,1745387617.807287,10
-1.051521418291486,-2.136248836712184,-2.112216938657184,-0.4647384127292753,37.55,45.62,TEST_20250423_124337,1745387617.807287,11
0.19164722110735966,1.4262900536778034,1.4495403145347154,0.36066086172468204,37.52,45.62,TEST_20250423_124337,1745387617.807287,12
-1.6371318718252041,-0.9487358732494613,-0.9249645209265509,-0.18960532124492602,37.54,45.62,TEST_20250423_124337,1745387617.807287,13
-3.135830139367954,-6.412994835211066,-6.4194421934971615,-1.4958857446652019,37.57,45.7,TEST_20250423_124337,1745387617.807287,14
-2.019580214773214,-1.8985338277652772,-1.8706268862351862,-0.40462826910857075,37.55,45.61,TEST_20250423_124337,1745387617.807287,15
-2.1154038253275758,-2.611678854604179,-2.595397043502089,-0.5849586999709118,37.55,45.64,TEST_20250423_124337,1745387617.807287,16
-2.1473450288453932,-2.849393863551086,-2.836987095924087,-0.6450688435916163,37.55,45.65,TEST_20250423_124337,1745387617.807287,17
-3.8049032147114303,-7.599445717407434,-7.585996766847529,-1.7456012095308324,37.59,45.65,TEST_20250423_124337,1745387617.807287,18
-2.8803005112245046,-5.511274763639449,-4.48672177411845,-1.0150045956988833,37.57,45.62,TEST_20250423_124337,1745387617.807287,19
-3.3266312612090587,-6.936502736049988,-5.915564244271081,-1.350247830804392,37.58,45.63,TEST_20250423_124337,1745387617.807287,20
-4.741020807675795,-8.12401569951453,-7.102816662003534,-0.625380922289196,37.59,45.63,TEST_20250423_124337,1745387617.807287,21
-3.912241714742322,-5.748989772586356,-4.728311826540448,-1.0751147393198153,37.57,45.63,TEST_20250423_124337,1745387617.807287,22
-3.0834626218093035,-3.3739638456581815,-3.353806991079182,0.4751514436497928,37.55,45.63,TEST_20250423_124337,1745387617.807287,23
-3.7844769006705974,-3.798129736800547,-4.761951616850638,0.16532583516345767,37.57,45.59,TEST_20250423_124337,1745387617.807287,24
-4.166925243619062,-5.747927691318182,-5.707613982159273,-0.049697112700414436,37.58,45.58,TEST_20250423_124337,1745387617.807287,25
-4.134984040101244,-5.510212682371275,-5.4660239297372755,-0.9895869690797099,37.58,45.57,TEST_20250423_124337,1745387617.807287,26
-2.9237566042197614,-2.1853888009263756,-2.145856728967374,-0.22429783824622973,37.55,45.58,TEST_20250423_124337,1745387617.807287,27
-4.134984040101244,-5.510212682371275,-5.4660239297372755,-0.9895869690797099,37.58,45.57,TEST_20250423_124337,1745387617.807287,28
-3.7844769006705974,-5.798129736800547,-4.761951616850638,-0.8346741648365423,37.57,45.59,TEST_20250423_124337,1745387617.807287,29
-4.262748854172969,-6.461072718157084,-6.432384139427086,-1.2300275435627555,37.58,45.61,TEST_20250423_124337,1745387617.807287,30
-5.613255993603616,-7.173155663728721,-7.136456452313723,-1.3849403478061504,37.59,45.59,TEST_20250423_124337,1745387617.807287,31
-5.357726365460167,-6.271435592158014,-5.203736032934103,-0.9040591988396045,37.59,45.51,TEST_20250423_124337,1745387617.807287,32
-5.5174323830501635,-6.46001063688982,-6.411686295045911,-1.2046099169438094,37.59,45.56,TEST_20250423_124337,1745387617.807287,33
-5.549373586567981,-6.697725645835817,-6.653276347467909,-1.264720060564514,37.59,45.57,TEST_20250423_124337,1745387617.807287,34
-6.792542225966827,-10.260264536226714,-10.215033600659808,-2.0901193350184712,37.62,45.57,TEST_20250423_124337,1745387617.807287,35
-4.293843958424077,-5.796005574265109,-4.7205559280891976,-0.7838389115981954,37.59,45.49,TEST_20250423_124337,1745387617.807287,36
-5.600895004859467,-9.83397448254891,-9.765493286125093,-1.7294584732935618,37.62,45.51,TEST_20250423_124337,1745387617.807287,37
-5.325785161942349,-6.033720583211107,-5.962145980511195,-0.8439490552189,37.59,45.5,TEST_20250423_124337,1745387617.807287,38
-5.007219226029065,-5.559352646585467,-5.499663720047465,-0.7491463945966643,37.58,45.53,TEST_20250423_124337,1745387617.807287,39
-5.325785161942349,-6.033720583211107,-4.962145980511195,-0.8439490552189,37.59,45.5,TEST_20250423_124337,1745387617.807287,40
-7.4296740977924856,-11.209000409476175,-12.139998121587269,-2.27972465626317,37.64,45.51,TEST_20250423_124337,1745387617.807287,41
-7.6967186154129195,-9.547119509387812,-10.490263443391996,-1.9097889041561302,37.62,45.54,TEST_20250423_124337,1745387617.807287,42
-8.429674097792486,-12.209000409476175,-12.139998121587269,-2.27972465626317,37.64,45.51,TEST_20250423_124337,1745387617.807287,43
-7.505071394305105,-9.1208294557091,-9.04072312885728,-1.5491280424312208,37.62,45.48,TEST_20250423_124337,1745387617.807287,44
-8.493556504828575,-13.68443042736908,-12.623178226432174,-2.399944943504579,37.64,45.53,TEST_20250423_124337,1745387617.807287,45
-8.876004847776585,-14.634228381885805,-13.568840591740809,-2.6149678913686785,37.65,45.52,TEST_20250423_124337,1745387617.807287,46
-8.365791690756396,-12.733570391583271,-11.656818016742363,-2.1595043690215334,37.64,45.49,TEST_20250423_124337,1745387617.807287,47
-8.74824003370486,-13.683368346099996,-12.602480382050999,-2.374527316885633,37.65,45.48,TEST_20250423_124337,1745387617.807287,48
-7.473130190787288,-9.883114446763102,-8.799133076435282,-1.4890178988105163,37.62,45.47,TEST_20250423_124337,1745387617.807287,49
-8.68435762666877,-13.207938328207092,-12.119300277205184,-2.2543070296439964,37.65,45.46,TEST_20250423_124337,1745387617.807287,50
-8.174144469648581,-11.307280337904558,-10.207277702207648,-1.7988435072968514,37.64,45.43,TEST_20250423_124337,1745387617.807287,51
-8.620475219633136,-12.732508310315097,-11.636120172361188,-2.13408674240236,37.65,45.44,TEST_20250423_124337,1745387617.807287,52
-9.098747173135507,-14.395451291671634,-13.306552694935817,-2.529440121128573,37.66,45.46,TEST_20250423_124337,1745387617.807287,53
-8.174144469648581,-11.307280337904558,-10.207277702207648,-1.7988435072968514,37.64,45.43,TEST_20250423_124337,1745387617.807287,54
-8.74824003370486,-13.683368346099996,-12.602480382050999,-2.374527316885633,37.65,45.48,TEST_20250423_124337,1745387617.807287,55
-9.110262062612946,-10.831850320011654,-9.724097597362743,-1.678623220055215,37.64,45.41,TEST_20250423_124337,1745387617.807287,56
-9.620475219633136,-12.732508310315097,-11.636120172361188,-2.13408674240236,37.65,45.44,TEST_20250423_124337,1745387617.807287,57
-9.716298830186588,-13.445653337153999,-12.360890329628091,-2.314417173264701,37.65,45.47,TEST_20250423_124337,1745387617.807287,58
-10.0029235625816,-13.682306264831823,-12.581782537668914,-2.349109690266232,37.66,45.43,TEST_20250423_124337,1745387617.807287,59
-9.811276341473786,-12.25601621115311,-12.132242223135108,-1.98844882854155,37.66,45.37,TEST_20250423_124337,1745387617.807287,60
-8.345365376715563,-8.932254410977293,-8.832772866745472,-1.2485773243274707,37.62,45.43,TEST_20250423_124337,1745387617.807287,61
-10.735879044960711,-15.344187164921095,-15.231517215863278,-2.7190454423732717,37.68,45.4,TEST_20250423_124337,1745387617.807287,62
-9.907099952027693,-12.969161237992921,-12.857012380402011,-2.168779259403891,37.66,45.4,TEST_20250423_124337,1745387617.807287,63
-9.93904115554551,-13.206876246938918,-13.09860243282401,-2.2288894030245956,37.66,45.41,TEST_20250423_124337,1745387617.807287,64
-11.118327387909176,-16.29398511943873,-16.177179581171004,-2.934068390237371,37.69,45.39,TEST_20250423_124337,1745387617.807287,65
-11.086386184391358,-17.056270110491823,-15.935589528749006,-2.8739582466164393,37.69,45.38,TEST_20250423_124337,1745387617.807287,66
-9.779335137955513,-13.018301202207113,-11.890652170712201,-1.928338684920618,37.66,45.36,TEST_20250423_124337,1745387617.807287,67
-10.735879044960711,-16.344187164921095,-15.231517215863278,-1.7190454423732717,37.68,45.4,TEST_20250423_124337,1745387617.807287,68
-10.703937841442439,-16.10647215597419,-14.98992716344037,-2.658935298752567,37.68,45.39,TEST_20250423_124337,1745387617.807287,69
-9.811276341473786,-13.25601621115311,-12.132242223135108,-1.98844882854155,37.66,45.37,TEST_20250423_124337,1745387617.807287,70
-12.56465813789373,-18.71921309184836,-17.606022051325454,-3.26931162534288,37.7,45.4,TEST_20250423_124337,1745387617.807287,71
-12.118327387909176,-17.29398511943873,-16.177179581171004,-2.934068390237371,37.69,45.39,TEST_20250423_124337,1745387617.807287,72
-11.671996637924622,-16.86875714702819,-14.748337111018373,-2.5988251551316353,37.68,45.38,TEST_20250423_124337,1745387617.807287,73
-11.958621370319179,-17.105410074706015,-15.969229319059195,-2.6335176721333937,37.69,45.34,TEST_20250423_124337,1745387617.807287,74
-12.373010916785915,-17.292923038169647,-17.156481736790738,-2.9086507636181977,37.7,45.34,TEST_20250423_124337,1745387617.807287,75
-12.05444498087354,-16.818555101544916,-16.693999476327008,-1.8138481029957347,37.69,45.37,TEST_20250423_124337,1745387617.807287,76
-12.404952120303733,-17.530638047116554,-17.398071789213645,-1.9687609072389023,37.7,45.35,TEST_20250423_124337,1745387617.807287,77
-13.74394437025694,-21.806321964346353,-21.68459919967154,-2.9744906125552006,37.73,45.38,TEST_20250423_124337,1745387617.807287,78
-13.201790009718934,-19.66794896509691,-19.530986572251095,-3.458916946587351,37.72,45.34,TEST_20250423_124337,1745387617.807287,79
-13.233731213236752,-19.90566397404382,-19.772576624673093,-3.5190270902080556,37.72,45.35,TEST_20250423_124337,1745387617.807287,80
-13.201790009718934,-19.66794896509691,-19.530986572251095,-3.458916946587351,37.72,45.34,TEST_20250423_124337,1745387617.807287,81
-13.584238352667398,-20.617746919614547,-19.47664893755973,-3.6739398944514505,37.73,45.33,TEST_20250423_124337,1745387617.807287,82
-13.137907602682844,-19.192518947204007,-18.04780646740619,-3.3386966593457146,37.72,45.32,TEST_20250423_124337,1745387617.807287,83
-13.169848806200662,-20.430233956150914,-19.289396519829097,-3.3988068029666465,37.72,45.33,TEST_20250423_124337,1745387617.807287,84
-12.798915352729637,-15.916835029974209,-13.761279056947387,-1.3329669540294162,37.69,45.29,TEST_20250423_124337,1745387617.807287,85
-14.712003166739123,-22.568606955399446,-21.44300914724954,-2.914380468934496,37.73,45.37,TEST_20250423_124337,1745387617.807287,86
-14.552297149149126,-21.38003191066764,-20.235058885136823,-2.6138297508305186,37.73,45.32,TEST_20250423_124337,1745387617.807287,87
-14.392591131559584,-20.191456865935834,-19.027108623025015,-3.3132790327267685,37.73,45.27,TEST_20250423_124337,1745387617.807287,88
-15.221370224492148,-22.566482792864008,-21.40161345848719,-2.863545215695922,37.75,45.27,TEST_20250423_124337,1745387617.807287,89
-15.25331142801042,-22.804197801810005,-21.643203510910098,-2.9236553593168537,37.75,45.28,TEST_20250423_124337,1745387617.807287,90
-14.552297149149126,-21.38003191066764,-20.235058885136823,-2.6138297508305186,37.73,45.32,TEST_20250423_124337,1745387617.807287,91
-14.488414742113036,-20.904601892774735,-19.751878780291918,-2.493609463588882,37.73,45.3,TEST_20250423_124337,1745387617.807287,92
-16.528421270927993,-26.60445170114872,-25.446550816523995,-3.809164777391743,37.78,45.29,TEST_20250423_124337,1745387617.807287,93
-16.125546613938695,-22.853337766025106,-20.676843301220288,-3.683214784833581,37.75,45.24,TEST_20250423_124337,1745387617.807287,94
-15.18942902097433,-23.32876778391801,-21.160023406064283,-3.8034350720752172,37.75,45.26,TEST_20250423_124337,1745387617.807287,95
-16.25331142801042,-23.804197801810005,-21.643203510910098,-3.9236553593168537,37.75,45.28,TEST_20250423_124337,1745387617.807287,96
-16.603818567441067,-24.516280747381643,-22.347275823794917,-4.078568163559794,37.76,45.26,TEST_20250423_124337,1745387617.807287,97
-16.699642177994974,-25.229425774220545,-23.07204598106182,-4.258898594422135,37.76,45.29,TEST_20250423_124337,1745387617.807287,98
-16.400656456855813,-26.65359166536291,-24.480190606834185,-4.568724202908697,37.78,45.25,TEST_20250423_124337,1745387617.807287,99
-17.368715253337996,-26.415876656416913,-24.238600554412187,-4.508614059287993,37.78,45.24,TEST_20250423_124337,1745387617.807287,100
0.0,0.0,0.0,0.0,39.1,42.53,TEST_20250423_130338,1745388218.387537,1
0.03194120351827223,0.2377150089459974,0.24159005242290732,0.06011014362070455,39.1,42.52,TEST_20250423_130338,1745388218.387537,2
1.3709334534714799,4.513398926176706,4.52811746288171,0.06583984893723027,39.07,42.49,TEST_20250423_130338,1745388218.387537,3
1.626463081615384,6.415118997748323,6.46083788226133,0.5467209979035488,39.07,42.41,TEST_20250423_130338,1745388218.387537,4
2.966301430835756,12.593585067817912,12.700783556481838,2.0587494788055665,39.05,42.25,TEST_20250423_130338,1745388218.387537,5
2.808287611779633,15.210574328764778,15.399669821890711,2.770796311872573,39.07,42.04,TEST_20250423_130338,1745388218.387537,6
2.4266853680978784,16.163558527086934,16.40742572034287,3.0620721395939654,39.09,41.9,TEST_20250423_130338,1745388218.387537,7
4.595302810251724,24.717050524084698,25.021876230024645,6.124366803465364,39.05,41.74,TEST_20250423_130338,1745388218.387537,8
4.850832438395628,26.618770595655405,26.954596649404266,7.605247952431682,39.05,41.66,TEST_20250423_130338,1745388218.387537,9
5.138303270057349,27.75820567617302,29.128907121205884,9.146239245018705,39.05,41.57,TEST_20250423_130338,1745388218.387537,10
5.266068084129074,28.70906571195883,30.095267330895695,9.386679819501751,39.05,41.53,TEST_20250423_130338,1745388218.387537,11
5.393832898200799,29.659925747744637,31.061627540584595,10.627120393985024,39.05,41.49,TEST_20250423_130338,1745388218.387537,12
5.4577153052368885,30.135355765636632,31.54480764543041,10.74734068122666,39.05,41.47,TEST_20250423_130338,1745388218.387537,13
6.318435601687725,32.7480967015108,33.160902533313674,12.357717007816746,39.03,41.46,TEST_20250423_130338,1745388218.387537,14
6.318435601687725,32.7480967015108,33.160902533313674,12.357717007816746,39.03,41.46,TEST_20250423_130338,1745388218.387537,15
8.103758601625032,38.44900859115205,38.87627241392602,13.698689948238552,38.99,41.42,TEST_20250423_130338,1745388218.387537,16
6.828648758707914,34.64875469181334,35.0729251083103,12.813180530163663,39.02,41.43,TEST_20250423_130338,1745388218.387537,17
8.103758601625032,38.44900859115205,38.87627241392602,13.698689948238552,38.99,41.42,TEST_20250423_130338,1745388218.387537,18
8.071817398107214,38.211293582205144,38.63468236150311,13.638579804617848,38.99,41.43,TEST_20250423_130338,1745388218.387537,19
6.62548664812266,36.786065609795514,36.20583989135048,12.303336569512567,39.0,41.44,TEST_20250423_130338,1745388218.387537,20
6.816287769963765,36.309573510634436,35.7019619421244,12.15769865565153,38.99,41.51,TEST_20250423_130338,1745388218.387537,21
6.944052584035489,36.260433546420245,36.66832215181421,12.398139230134802,38.99,41.47,TEST_20250423_130338,1745388218.387537,22
7.326500926983954,37.21023150093697,37.613984517122844,12.613162177998674,38.98,41.48,TEST_20250423_130338,1745388218.387537,23
7.422324537538316,37.92337652777587,37.33875467438975,12.793492608861015,38.98,41.45,TEST_20250423_130338,1745388218.387537,24
7.569669566383254,40.77277039132787,40.175741770313834,13.438561452452632,38.95,41.48,TEST_20250423_130338,1745388218.387537,25
7.8562942987778115,41.0094233190066,40.39663397835557,13.47325396945439,38.94,41.52,TEST_20250423_130338,1745388218.387537,26
8.525367374121288,42.19587420120206,41.563188551704116,13.722969434319793,38.92,41.57,TEST_20250423_130338,1745388218.387537,27
7.346081141757622,39.10876532870316,37.48461140335712,13.017790447107245,38.95,41.55,TEST_20250423_130338,1745388218.387537,28
8.525367374121288,42.19587420120206,40.563188551704116,13.722969434319793,38.92,41.57,TEST_20250423_130338,1745388218.387537,29
8.461484967085198,41.720444183309155,40.08000844685921,13.602749147078157,38.92,41.59,TEST_20250423_130338,1745388218.387537,30
8.907815717070207,43.145672155720604,41.50885091701275,12.937992382183893,38.91,41.58,TEST_20250423_130338,1745388218.387537,31
7.811992106515845,41.43252712888079,40.78408075974585,12.757661951321552,38.91,41.61,TEST_20250423_130338,1745388218.387537,32
7.780050902998028,41.194812119934795,40.54249070732385,11.69755180770062,38.91,41.62,TEST_20250423_130338,1745388218.387537,33
9.119043152951235,45.470496037163684,44.82901811778174,12.703281513016918,38.88,41.59,TEST_20250423_130338,1745388218.387537,34
7.875874513551935,40.9079571467737,41.26726086459075,11.877882238562961,38.91,41.59,TEST_20250423_130338,1745388218.387537,35
7.544947588894956,42.094408028968246,41.43381543794021,11.127597703428364,38.89,41.64,TEST_20250423_130338,1745388218.387537,36
6.68422729244412,39.48166709309589,38.81772055005604,10.517221376838279,38.91,41.65,TEST_20250423_130338,1745388218.387537,37
7.831572321289514,42.33106095664607,41.654707645980125,11.162290220429895,38.88,41.68,TEST_20250423_130338,1745388218.387537,38
9.042799757170997,45.65588483809188,43.974874846750026,11.927579351263148,38.85,41.69,TEST_20250423_130338,1745388218.387537,39
7.927395931843421,43.04420598348588,41.37947780324703,9.342620651292236,38.88,41.65,TEST_20250423_130338,1745388218.387537,40
8.87157885010447,47.03091076502005,45.34937968221129,10.477845534232756,38.83,41.69,TEST_20250423_130338,1745388218.387537,41
8.074740960688814,44.893599847037876,43.216464899172934,9.987689494883853,38.85,41.68,TEST_20250423_130338,1745388218.387537,42
7.628410210704715,43.46837187462825,41.78762242901939,8.652446259778571,38.86,41.69,TEST_20250423_130338,1745388218.387537,43
7.711872832514473,44.84233572028825,44.141429420099485,9.177294816128779,38.83,41.74,TEST_20250423_130338,1745388218.387537,44
8.094321175462483,45.79213367480406,45.08709178540812,9.39231776399265,38.82,41.75,TEST_20250423_130338,1745388218.387537,45
8.795335454323777,47.21629956594643,46.495236411180485,9.702143372478986,38.8,41.79,TEST_20250423_130338,1745388218.387537,46
7.328578390298844,40.98975561293082,40.24234879103096,8.455973092679415,38.83,41.86,TEST_20250423_130338,1745388218.387537,47
9.081960186718334,46.45295249362516,45.7161286192204,9.736835889480517,38.79,41.83,TEST_20250423_130338,1745388218.387537,48
9.464408529667253,47.40275044814189,46.661790984528125,9.951858837344389,38.78,41.84,TEST_20250423_130338,1745388218.387537,49
7.954195372646609,45.50209245783935,44.74976840953059,9.496395314997471,38.79,41.87,TEST_20250423_130338,1745388218.387537,50
7.539805826180327,43.31457949437572,42.562515991800865,9.221262223512667,38.8,41.87,TEST_20250423_130338,1745388218.387537,51
8.240820105041621,44.73874538551718,43.97066061757141,8.531087831998775,38.78,41.91,TEST_20250423_130338,1745388218.387537,52
8.00571679093855,46.63834129455245,45.86198534818868,8.961133727726747,38.76,41.93,TEST_20250423_130338,1745388218.387537,53
8.483988744440921,48.30128427590898,47.53241787076513,8.356487106453187,38.75,41.91,TEST_20250423_130338,1745388218.387537,54
8.420106337404832,47.82585425801608,46.049237765919315,8.23626681921155,38.75,41.93,TEST_20250423_130338,1745388218.387537,55
8.165422808528092,46.82691633928425,46.0699356103014,8.261684445830497,38.76,41.88,TEST_20250423_130338,1745388218.387537,56
8.802554680353296,46.775652212532805,46.99490013122704,8.451289767075195,38.74,41.94,TEST_20250423_130338,1745388218.387537,57
7.973775587420732,44.40062628560645,43.620395295766684,6.901023584106042,38.76,41.94,TEST_20250423_130338,1745388218.387537,58
8.535510162732407,48.43753311262117,47.644634809422314,7.821225519182235,38.72,41.97,TEST_20250423_130338,1745388218.387537,59
7.13263550574311,43.686419177498465,42.8749272941177,6.6952755266243,38.75,42.02,TEST_20250423_130338,1745388218.387537,60
7.4716277556967725,46.96210309472917,46.16145470457741,7.701005231940826,38.72,41.99,TEST_20250423_130338,1745388218.387537,61
6.578966255727664,44.111647149908094,43.30376976427033,6.030518761729809,38.74,42.01,TEST_20250423_130338,1745388218.387537,62
8.714796395096073,50.52464198512098,49.72321195776931,7.526404506395011,38.69,41.99,TEST_20250423_130338,1745388218.387537,63
7.822134895126965,47.6741860402999,46.86552701746314,6.8559180361839935,38.71,42.01,TEST_20250423_130338,1745388218.387537,64
8.38386947043864,51.71109286731553,49.88976653111786,7.776119971260414,38.67,42.04,TEST_20250423_130338,1745388218.387537,65
6.75825248809133,46.198756022407,45.38234691261823,6.735697748942357,38.71,42.03,TEST_20250423_130338,1745388218.387537,66
7.427325563434351,47.385206904603365,46.54890148596769,5.985413213807988,38.69,42.08,TEST_20250423_130338,1745388218.387537,67
6.502722859947426,44.29703595083538,42.44962649323861,5.254816599976039,38.71,42.11,TEST_20250423_130338,1745388218.387537,68
7.713950295828909,47.62185983228119,45.76979369400851,6.020105730809291,38.68,42.12,TEST_20250423_130338,1745388218.387537,69
6.406899249393518,42.58389092399648,41.72485633597171,4.0744861691136975,38.71,42.14,TEST_20250423_130338,1745388218.387537,70
8.096398638777373,47.571657786797914,46.71545605931624,5.235128678673391,38.67,42.13,TEST_20250423_130338,1745388218.387537,71
7.893236528192574,48.70896870477918,48.84837084235642,5.725284718022067,38.65,42.14,TEST_20250423_130338,1745388218.387537,72
8.211802464104949,49.183336641403,48.31085310281924,5.820087378644075,38.64,42.17,TEST_20250423_130338,1745388218.387537,73
7.861295324674302,47.471253695832274,47.60678078993442,4.665174574401135,38.65,42.15,TEST_20250423_130338,1745388218.387537,74
8.07252276055624,50.79607757727808,49.92694799070341,5.430463705234615,38.62,42.16,TEST_20250423_130338,1745388218.387537,75
6.63770690004867,45.807248633207564,44.915650422976796,4.2444035690557484,38.65,42.22,TEST_20250423_130338,1745388218.387537,76
7.912816742966243,49.60750253254628,48.7189977285916,5.129912987130638,38.62,42.21,TEST_20250423_130338,1745388218.387537,77
7.848934335930153,48.13207251465337,48.2358176237467,4.009692699889001,38.62,42.23,TEST_20250423_130338,1745388218.387537,78
5.478000882459128,43.61867358847576,42.70770016086499,2.943852850951771,38.65,42.27,TEST_20250423_130338,1745388218.387537,79
7.167500271842528,47.606440451278104,47.69829988420952,4.104495360511237,38.61,42.26,TEST_20250423_130338,1745388218.387537,80
6.785051928894518,46.65664249676047,46.75263751890179,3.889472412647592,38.62,42.25,TEST_20250423_130338,1745388218.387537,81
7.103617864806893,47.1310104333852,46.21511977936461,2.9842750732698278,38.61,42.28,TEST_20250423_130338,1745388218.387537,82
7.518007411273629,48.31852339684883,47.40237219709525,3.2594081647544044,38.6,42.28,TEST_20250423_130338,1745388218.387537,83
7.4541250042375395,46.84309337895593,46.91919209225034,3.139187877512768,38.6,42.3,TEST_20250423_130338,1745388218.387537,84
6.358301393683632,46.129948352116116,46.19442193498253,2.958857446650427,38.6,42.33,TEST_20250423_130338,1745388218.387537,85
7.155139283098379,47.267259270097384,47.32733671802271,3.4490134859993304,38.58,42.34,TEST_20250423_130338,1745388218.387537,86
7.601470033082933,48.69248724250792,48.75617918817534,2.7842567211046116,38.57,42.33,TEST_20250423_130338,1745388218.387537,87
8.430249126016406,51.06751316943519,51.130684023636604,3.3345229040739923,38.55,42.33,TEST_20250423_130338,1745388218.387537,88
6.102771765540183,43.22822828054541,43.26170151560382,1.4779762976841084,38.6,42.41,TEST_20250423_130338,1745388218.387537,89
6.091256876062744,46.79182925220448,46.8441566131778,2.328793198757694,38.58,42.36,TEST_20250423_130338,1745388218.387537,90
7.270543108426409,48.87893812470338,49.922733761524796,3.033972185970015,38.55,42.38,TEST_20250423_130338,1745388218.387537,91
6.409822811975118,46.26619718882921,46.30663887364062,2.4235958593799296,38.57,42.39,TEST_20250423_130338,1745388218.387537,92
5.899609654954929,43.365539198526676,44.394616298643086,1.968132337033012,38.58,42.42,TEST_20250423_130338,1745388218.387537,93
7.078895887318595,46.45264807102558,47.47319344699008,1.6733113242453328,38.55,42.44,TEST_20250423_130338,1745388218.387537,94
6.1862343873494865,43.6021921262045,44.61550850668391,1.0028248540343156,38.57,42.46,TEST_20250423_130338,1745388218.387537,95
6.078895887318595,46.45264807102558,46.47319344699008,1.6733113242453328,38.55,42.44,TEST_20250423_130338,1745388218.387537,96
7.194299712645716,48.06432692563067,49.06859049049308,2.2582700242162446,38.52,42.48,TEST_20250423_130338,1745388218.387537,97
6.461344230267059,46.402446025542304,46.418855812298716,0.8883342721094323,38.54,42.45,TEST_20250423_130338,1745388218.387537,98
7.576748055594635,49.0141248801483,49.014252855801715,1.4732929720801167,38.51,42.49,TEST_20250423_130338,1745388218.387537,99
5.301638212677517,44.2138709808105,45.210905550186,0.5877835540054548,38.54,42.5,TEST_20250423_130338,1745388218.387537,100
0.0,0.0,0.0,0.0,39.29,41.82,TEST_20250423_131338,1745389419.6089637,1
-0.2866247323945572,-0.23665292767782375,-0.22089220804082288,-0.03469251700175846,39.3,41.78,TEST_20250423_131338,1745389419.6089637,2
-1.3185659359123747,-1.4743679366247306,-0.4624822604628207,-0.09480266062246301,39.3,41.79,TEST_20250423_131338,1745389419.6089637,3
-1.0630363077689253,0.4273521349468865,0.4702381589158904,0.3860784883436281,39.3,41.71,TEST_20250423_131338,1745389419.6089637,4
0.06388240703654446,-0.5245699821070957,0.48318010484581464,0.1202202872414091,39.29,41.8,TEST_20250423_131338,1745389419.6089637,5
-1.3185659359123747,-1.4743679366247306,-0.4624822604628207,-0.09480266062246301,39.3,41.79,TEST_20250423_131338,1745389419.6089637,6
-1.1908011218401953,-0.5235079008389221,0.5038779492269896,0.14563791386058256,39.3,41.75,TEST_20250423_131338,1745389419.6089637,7
-1.1908011218401953,-0.5235079008389221,0.5038779492269896,0.14563791386058256,39.3,41.75,TEST_20250423_131338,1745389419.6089637,8
-1.254683528876285,-0.9989379187318264,0.02069784438208444,0.025417626618946088,39.3,41.77,TEST_20250423_131338,1745389419.6089637,9
-1.2866247323945572,-1.2366529276778238,-0.22089220804082288,-0.03469251700175846,39.3,41.78,TEST_20250423_131338,1745389419.6089637,10
-0.7444703718560959,0.9017200715716172,1.9327204193796206,0.48088114896609113,39.29,41.74,TEST_20250423_131338,1745389419.6089637,11
-0.8083527788921856,0.42629005367871287,1.4495403145347154,0.36066086172468204,39.29,41.76,TEST_20250423_131338,1745389419.6089637,12
-1.605190668306932,-1.7110208643025544,-0.6833744685036436,-0.12949517762422147,39.31,41.75,TEST_20250423_131338,1745389419.6089637,13
-0.7764115753739134,0.6640050626247103,1.6911303669576228,0.4207710053453866,39.29,41.75,TEST_20250423_131338,1745389419.6089637,14
-1.541308261271297,-1.2355908464096501,-0.20019436365873844,-0.009274890382585,39.31,41.73,TEST_20250423_131338,1745389419.6089637,15
-2.68865329011669,-4.084984709962555,-4.0371814595846445,-0.6543437339744287,39.34,41.7,TEST_20250423_131338,1745389419.6089637,16
-1.0630363077689253,0.4273521349468865,0.4702381589158904,0.3860784883436281,39.3,41.71,TEST_20250423_131338,1745389419.6089637,17
-1.6371318718252041,-1.9487358732485518,-1.924964520926551,-0.18960532124492602,39.31,41.76,TEST_20250423_131338,1745389419.6089637,18
-1.541308261271297,-1.2355908464096501,-1.2001943636587384,-0.009274890382585,39.31,41.73,TEST_20250423_131338,1745389419.6089637,19
-1.541308261271297,-1.2355908464096501,-0.20019436365873844,-0.009274890382585,39.31,41.73,TEST_20250423_131338,1745389419.6089637,20
-1.2742637436504083,-2.897471746498013,-1.8499290418531018,-0.3792106424893973,39.33,41.7,TEST_20250423_131338,1745389419.6089637,21
0.3513532386978113,1.6148650984105188,2.6574905766465236,0.6612115798284321,39.29,41.71,TEST_20250423_131338,1745389419.6089637,22
-2.3062049471682258,-3.1351867554440105,-2.091519094276009,-0.4393207861103292,39.33,41.71,TEST_20250423_131338,1745389419.6089637,23
-1.031095104250653,0.6650671438928839,1.7118282113387977,0.44618863196456005,39.3,41.7,TEST_20250423_131338,1745389419.6089637,24
-0.031095104250653094,0.6650671438928839,1.7118282113387977,0.44618863196456005,39.3,41.7,TEST_20250423_131338,1745389419.6089637,25
-1.5732494647891144,-1.4733058553556475,-1.4417844160816458,-0.06938503400351692,39.31,41.74,TEST_20250423_131338,1745389419.6089637,26
-0.6051906683069319,-1.7110208643025544,-1.6833744685036436,-0.12949517762422147,39.31,41.75,TEST_20250423_131338,1745389419.6089637,27
-0.5732494647891144,-1.4733058553556475,-1.4417844160816458,-0.06938503400351692,39.31,41.74,TEST_20250423_131338,1745389419.6089637,28
-0.44548465071738974,-0.5224458195707484,0.5245757936081645,0.17105554047975602,39.31,41.7,TEST_20250423_131338,1745389419.6089637,29
-1.3816022436813,-0.04701580167784414,1.0077558984530697,0.2912758277211651,39.31,41.68,TEST_20250423_131338,1745389419.6089637,30
-2.2742637436504083,-2.897471746498013,-1.8499290418531018,-0.3792106424893973,39.33,41.7,TEST_20250423_131338,1745389419.6089637,31
-3.421608772495347,-5.746865610050008,-4.686916137778098,-1.024279486081241,39.36,41.67,TEST_20250423_131338,1745389419.6089637,32
-1.1588599183223778,-0.28579289189292467,0.7454680016489874,0.2057480574812871,39.3,41.74,TEST_20250423_131338,1745389419.6089637,33
-1.0949775112867428,0.1896371260008891,1.2286481064938926,0.3259683447229236,39.3,41.72,TEST_20250423_131338,1745389419.6089637,34
-0.8713890866611109,1.8536421886255994,2.919778473450606,0.7467393500683102,39.3,41.65,TEST_20250423_131338,1745389419.6089637,35
-2.2742637436504083,-2.897471746498013,-1.8499290418531018,-0.3792106424893973,39.33,41.7,TEST_20250423_131338,1745389419.6089637,36
-1.3816022436813,-0.04701580167784414,1.0077558984530697,0.2912758277211651,39.31,41.68,TEST_20250423_131338,1745389419.6089637,37
-2.2742637436504083,-2.897471746498013,-1.8499290418531018,-0.3792106424893973,39.33,41.7,TEST_20250423_131338,1745389419.6089637,38
-3.613255993603161,-7.173155663728721,-6.136456452311904,-1.384940347805923,39.36,41.73,TEST_20250423_131338,1745389419.6089637,39
-0.9991539007323809,-0.0972178471602092,1.953418263761705,0.5062987755852646,39.3,41.69,TEST_20250423_131338,1745389419.6089637,40
-2.2103813366143186,-3.422041728605109,-1.3667489370081967,-0.2589903552479882,39.33,41.68,TEST_20250423_131338,1745389419.6089637,41
-1.5093670577534795,-0.9978758374636527,-0.9586043112367406,0.05083525323811955,39.31,41.72,TEST_20250423_131338,1745389419.6089637,42
-1.3816022436813,-1.0470158016778441,0.007755898453069676,-0.7087241722788349,39.31,41.68,TEST_20250423_131338,1745389419.6089637,43
-1.2103813366143186,-2.422041728605109,-2.3667489370081967,-1.2589903552479882,39.33,41.68,TEST_20250423_131338,1745389419.6089637,44
-1.1464989295782289,-1.9466117107122045,-1.8835688321632915,-1.1387700680063517,39.33,41.66,TEST_20250423_131338,1745389419.6089637,45
-2.1145577260604114,-1.7088967017662071,-1.6419787797412937,-1.0786599243856472,39.33,41.65,TEST_20250423_131338,1745389419.6089637,46
-3.357726365459712,-6.271435592158014,-5.203736032933193,-1.9040591988398319,39.36,41.65,TEST_20250423_131338,1745389419.6089637,47
-2.68865329011669,-5.084984709962555,-4.0371814595846445,-1.6543437339744287,39.34,41.7,TEST_20250423_131338,1745389419.6089637,48
-2.497006069008876,-3.658694656283842,-2.587641145049929,-0.29368287224974665,39.34,41.64,TEST_20250423_131338,1745389419.6089637,49
-2.656712086598418,-4.847269701015648,-3.7955914071626466,-0.5942335903537241,39.34,41.69,TEST_20250423_131338,1745389419.6089637,50
-2.656712086598418,-4.847269701015648,-3.7955914071626466,-0.5942335903537241,39.34,41.69,TEST_20250423_131338,1745389419.6089637,51
-2.497006069008876,-3.658694656283842,-2.587641145049929,-0.29368287224974665,39.34,41.64,TEST_20250423_131338,1745389419.6089637,52
-2.146498929578229,-2.9466117107122045,-1.8835688321632915,-0.13877006800635172,39.33,41.66,TEST_20250423_131338,1745389419.6089637,53
-2.2103813366143186,-2.422041728605109,-1.3667489370081967,-0.2589903552479882,39.33,41.68,TEST_20250423_131338,1745389419.6089637,54
-2.146498929578229,-1.9466117107122045,-0.8835688321632915,-0.13877006800635172,39.33,41.66,TEST_20250423_131338,1745389419.6089637,55
-2.4011824584549686,-1.9455496294449404,-0.8628709877830261,-0.11335244138740563,39.34,41.61,TEST_20250423_131338,1745389419.6089637,56
-1.2857786331278476,0.6661292251610575,1.7325260557199726,0.47160625858350613,39.31,41.65,TEST_20250423_131338,1745389419.6089637,57
-2.497006069008876,-3.658694656283842,-1.587641145049929,-0.29368287224974665,39.34,41.64,TEST_20250423_131338,1745389419.6089637,58
-3.3896675689775293,-6.509150601104011,-4.445326085355191,-0.9641693424605364,39.36,41.66,TEST_20250423_131338,1745389419.6089637,59
-2.4650648654910583,-2.4209796473378447,-1.3460510926279312,-0.2335727286290421,39.34,41.63,TEST_20250423_131338,1745389419.6089637,60
-2.497006069008876,-2.658694656283842,-1.587641145049929,-0.29368287224974665,39.34,41.64,TEST_20250423_131338,1745389419.6089637,61
-2.497006069008876,-2.658694656283842,-1.587641145049929,-0.29368287224974665,39.34,41.64,TEST_20250423_131338,1745389419.6089637,62
-2.528947272527148,-2.896409665230749,-1.8292311974728364,-0.3537930158706786,39.34,41.65,TEST_20250423_131338,1745389419.6089637,63
-3.293843958424077,-5.796005574265109,-3.720555928088288,-0.7838389115981954,39.36,41.63,TEST_20250423_131338,1745389419.6089637,64
-1.2538374296095753,-0.09615576589203556,0.97411610814288,0.531716402204438,39.31,41.64,TEST_20250423_131338,1745389419.6089637,65
-2.497006069008876,-3.658694656283842,-2.587641145049929,-0.29368287224974665,39.34,41.64,TEST_20250423_131338,1745389419.6089637,66
-3.4011824584549686,-2.9455496294449404,-1.862870987783026,-0.11335244138740563,39.34,41.61,TEST_20250423_131338,1745389419.6089637,67
-3.369241254937151,-2.7078346204980335,-0.6212809353601187,-0.053242297766701085,39.34,41.6,TEST_20250423_131338,1745389419.6089637,68
-3.497006069008876,-3.658694656283842,-1.587641145049929,-0.29368287224974665,39.34,41.64,TEST_20250423_131338,1745389419.6089637,69
-4.6762923013720865,-6.745803528781835,-4.666218293396014,-0.9988618594620675,39.37,41.62,TEST_20250423_131338,1745389419.6089637,70
-4.6124098943364515,-6.2703735108889305,-4.183038188552018,-0.878641572220431,39.37,41.6,TEST_20250423_131338,1745389419.6089637,71
-3.3373000514193336,-2.470119611552036,-1.379690882938121,0.006867845854003463,39.34,41.59,TEST_20250423_131338,1745389419.6089637,72
-4.261902754905805,-5.558290565318202,-4.478965875665381,-0.7237287679772635,39.36,41.62,TEST_20250423_131338,1745389419.6089637,73
-4.166079144351897,-4.845145538479301,-2.7541957183984778,-0.5433983371151498,39.36,41.59,TEST_20250423_131338,1745389419.6089637,74
-3.433123661972786,-3.1832646383909378,-1.104461040205024,-0.17346258500811018,39.34,41.62,TEST_20250423_131338,1745389419.6089637,75
-4.740174708408176,-7.221233546674739,-5.149398398240919,-1.1190821467034766,39.37,41.64,TEST_20250423_131338,1745389419.6089637,76
-4.548527487300362,-5.794943492996026,-3.6998580837062036,-0.7584212849787946,39.37,41.58,TEST_20250423_131338,1745389419.6089637,77
-4.644351097854269,-6.508088519835837,-5.424628240974016,-1.9387517158411356,39.37,41.61,TEST_20250423_131338,1745389419.6089637,78
-4.261902754905805,-5.558290565318202,-4.478965875665381,-0.7237287679772635,39.36,41.62,TEST_20250423_131338,1745389419.6089637,79
-4.198020347869715,-5.082860547425298,-3.995785770821385,-1.6035084807358544,39.36,41.6,TEST_20250423_131338,1745389419.6089637,80
-4.452703876746455,-5.0817984661571245,-3.9750879264393006,-1.5780908541164536,39.37,41.55,TEST_20250423_131338,1745389419.6089637,81
-4.198020347869715,-5.082860547425298,-3.995785770821385,-1.6035084807358544,39.36,41.6,TEST_20250423_131338,1745389419.6089637,82
-4.13413794083408,-4.607430529532394,-3.5126056659755704,-1.483288193494218,39.36,41.58,TEST_20250423_131338,1745389419.6089637,83
-4.13413794083408,-4.607430529532394,-2.5126056659755704,-1.483288193494218,39.36,41.58,TEST_20250423_131338,1745389419.6089637,84
-4.6124098943364515,-6.2703735108889305,-4.183038188552018,-1.878641572220431,39.37,41.6,TEST_20250423_131338,1745389419.6089637,85
-4.484645080264272,-5.319513475104031,-4.216677978862208,-1.6382009977373855,39.37,41.56,TEST_20250423_131338,1745389419.6089637,86
-5.727813719664027,-8.882052365494928,-7.778435232055017,-2.46360027219157,39.4,41.56,TEST_20250423_131338,1745389419.6089637,87
-4.580468690818634,-6.032658501942933,-3.941448136129111,-1.8185314285997265,39.37,41.59,TEST_20250423_131338,1745389419.6089637,88
-4.166079144351897,-4.845145538479301,-3.7541957183984778,-1.5433983371151498,39.36,41.59,TEST_20250423_131338,1745389419.6089637,89
-5.409247783751198,-8.407684428870198,-6.315952971591287,-2.3687976115693345,39.39,41.59,TEST_20250423_131338,1745389419.6089637,90
-4.07025553379799,-4.132000511640399,-2.029425561131575,-0.3630679062528088,39.36,41.56,TEST_20250423_131338,1745389419.6089637,91
-3.974431923244083,-3.418855484800588,-1.3046554038637623,-0.18273747539024043,39.36,41.53,TEST_20250423_131338,1745389419.6089637,92
-4.038314330280173,-3.894285502693492,-1.7878355087086675,-0.3029577626318769,39.36,41.55,TEST_20250423_131338,1745389419.6089637,93
-4.0063731267619005,-3.6565704937474948,-1.5462454562866697,-0.24284761901117236,39.36,41.54,TEST_20250423_131338,1745389419.6089637,94
-4.07025553379799,-5.132000511640399,-2.029425561131575,-0.3630679062528088,39.36,41.56,TEST_20250423_131338,1745389419.6089637,95
-4.0063731267619005,-3.6565704937474948,-1.5462454562866697,-0.24284761901117236,39.36,41.54,TEST_20250423_131338,1745389419.6089637,96
-4.420762673228637,-4.844083457211127,-2.733497874017303,-0.517980710495749,39.37,41.54,TEST_20250423_131338,1745389419.6089637,97
-5.281482969679473,-8.45682439308439,-6.3495927619014765,-1.1283570370860616,39.39,41.55,TEST_20250423_131338,1745389419.6089637,98
-5.69587251614621,-8.644337356548021,-7.53684517963211,-1.4034901285706383,39.4,41.55,TEST_20250423_131338,1745389419.6089637,99
-4.452703876746455,-5.0817984661571245,-3.9750879264393006,-0.5780908541164536,39.37,41.55,TEST_20250423_131338,1745389419.6089637,100
0.0,0.0,0.0,0.0,30.82,49.51,TEST_20250430_172800,1746008880.6381557,1
-0.35050713943064693,-1.712082945570728,-1.7040723128866375,-0.15491280424316756,30.83,49.49,TEST_20250430_172800,1746008880.6381557,2
0.9565439070047432,2.3258859627130732,2.3408650451510766,0.7907067574524262,30.8,49.47,TEST_20250430_172800,1746008880.6381557,3
-0.8607202964510634,-3.6127409358741716,-3.6160948878841737,-0.6103763265903126,30.84,49.52,TEST_20250430_172800,1746008880.6381557,4
-1.2866247323947846,-2.2366529276778238,-1.2208922080408229,-1.034692517001531,30.83,49.47,TEST_20250430_172800,1746008880.6381557,5
-0.9033302901791558,0.6159271796786925,0.6781884210276985,-0.31337079355193964,30.83,49.35,TEST_20250430_172800,1746008880.6381557,6
-0.4872485451787725,5.609004448820997,5.772277366279923,0.9743598491033936,30.84,49.09,TEST_20250430_172800,1746008880.6381557,7
0.37516394980639234,12.02730969037384,11.295208781684778,1.59733372686469,30.84,48.82,TEST_20250430_172800,1746008880.6381557,8
1.3653412588630545,19.396474967711583,17.784500406779443,2.460748179108805,30.84,48.51,TEST_20250430_172800,1746008880.6381557,9
1.7371208116014714,24.81265604672899,24.26603613342195,4.032886803631527,30.82,48.34,TEST_20250430_172800,1746008880.6381557,10
-0.3774369144591674,24.103759344962782,23.624057353679746,3.9542268792461073,30.86,48.17,TEST_20250430_172800,1746008880.6381557,11
1.2179310629048814,32.18394548660308,30.796723447279874,3.947136509114216,30.84,47.93,TEST_20250430_172800,1746008880.6381557,12
0.7405052086694468,31.423784658086333,30.07970918846422,4.058081905973495,30.86,47.82,TEST_20250430_172800,1746008880.6381557,13
0.2196232614389828,34.98950979228266,33.703559974800555,4.9597340602852,30.86,47.67,TEST_20250430_172800,1746008880.6381557,14
1.9099687500900018,41.88005880792298,39.64757796190679,5.626675345430385,30.83,47.53,TEST_20250430_172800,1746008880.6381557,15
0.9108148493569388,42.78284096076186,41.600996225667586,6.132974121015877,30.84,47.4,TEST_20250430_172800,1746008880.6381557,16
1.7084988380390769,46.82293403158292,45.68732927246674,6.129428935950045,30.83,47.28,TEST_20250430_172800,1746008880.6381557,17
-0.6935297196832835,43.974602249299096,41.87104002092383,4.509777718977375,30.87,47.2,TEST_20250430_172800,1746008880.6381557,18
-0.035125434550309365,49.627436255993416,47.57346795560716,6.116608860501628,30.84,47.07,TEST_20250430_172800,1746008880.6381557,19
0.3162278041472746,52.242301354403935,49.23095853225368,5.777820440330288,30.84,46.96,TEST_20250430_172800,1746008880.6381557,20
0.6675810428448585,54.857166452814454,51.888449108900204,6.4390320201589475,30.84,46.85,TEST_20250430_172800,1746008880.6381557,21
-0.9695508289803456,52.90843057956499,49.963484587972744,5.249426698914249,30.86,46.79,TEST_20250430_172800,1746008880.6381557,22
0.21058150265025688,57.898321604902776,54.99548000008144,5.460904461712062,30.84,46.68,TEST_20250430_172800,1746008880.6381557,23
0.9443830842963052,60.46298465783093,58.59863294203569,6.337138989404821,30.83,46.58,TEST_20250430_172800,1746008880.6381557,24
-0.34224164809825197,60.2263317301522,57.37774073399487,5.302446472403062,30.84,46.54,TEST_20250430_172800,1746008880.6381557,25
-0.8196675023336866,60.46617090163545,56.66072647518013,5.413391869262341,30.86,46.43,TEST_20250430_172800,1746008880.6381557,26
-0.6280202812258722,61.892460955314164,57.11026678971393,4.774052730987023,30.86,46.37,TEST_20250430_172800,1746008880.6381557,27
-0.3086082460463331,63.269611044777776,58.52616731393846,5.375154167194751,30.86,46.27,TEST_20250430_172800,1746008880.6381557,28
-0.25624072848768265,66.30864203432975,62.59180251635735,4.346191355509745,30.84,46.2,TEST_20250430_172800,1746008880.6381557,29
-0.16041711793377544,67.02178706116956,63.31657267362425,4.526521786372086,30.84,46.17,TEST_20250430_172800,1746008880.6381557,30
-0.7656077862409347,66.31076619686701,61.6331982051197,4.39702660874832,30.86,46.1,TEST_20250430_172800,1746008880.6381557,31
-1.6059017686511652,67.49934124159881,61.841148467231505,4.69757732685207,30.86,46.05,TEST_20250430_172800,1746008880.6381557,32
-0.17108590814382296,71.48817018566842,65.85244603495812,4.8836374630309365,30.83,45.99,TEST_20250430_172800,1746008880.6381557,33
-0.39382823350251783,71.7269472758826,66.1147339317622,4.9691652332708145,30.84,45.93,TEST_20250430_172800,1746008880.6381557,34
-1.2341222159127483,72.91552232061531,66.32268419387401,4.269715951374792,30.84,45.88,TEST_20250430_172800,1746008880.6381557,35
-1.138298605358841,73.62866734745421,66.04745435114091,4.450046382237133,30.84,45.85,TEST_20250430_172800,1746008880.6381557,36
-2.711548070148183,72.15536149209765,64.60566993505927,4.380661348234071,30.86,45.77,TEST_20250430_172800,1746008880.6381557,37
-1.3086734131588855,76.90647542722127,69.37537745036389,4.506611340792233,30.83,45.72,TEST_20250430_172800,1746008880.6381557,38
-2.9023491919890603,71.63185359125873,64.10954788428535,2.5262992620948808,30.87,45.7,TEST_20250430_172800,1746008880.6381557,39
-1.0531437850152088,77.80819549879288,70.3080978697426,3.987492489758324,30.83,45.64,TEST_20250430_172800,1746008880.6381557,40
-2.2643712208966917,74.48337161734798,65.9879306689727,3.222203358924844,30.86,45.63,TEST_20250430_172800,1746008880.6381557,41
-2.9449591857171526,75.8605217068116,68.40383119319722,3.823304795132799,30.86,45.53,TEST_20250430_172800,1746008880.6381557,42
-2.0522976857482718,78.71097765163177,71.26151613350339,4.493791265343816,30.84,45.51,TEST_20250430_172800,1746008880.6381557,43
-3.657488354055431,77.99995678732921,69.57814166499884,3.364296087719822,30.86,45.44,TEST_20250430_172800,1746008880.6381557,44
-2.7328856505685053,81.08812774109538,71.67741665772792,4.094892701551544,30.84,45.41,TEST_20250430_172800,1746008880.6381557,45
-3.561664743501524,77.71310181416811,68.30291182226574,3.544626518582163,30.86,45.41,TEST_20250430_172800,1746008880.6381557,46
-3.689429557573476,76.7622417783823,67.33655161257593,2.3041859440991175,30.86,45.45,TEST_20250430_172800,1746008880.6381557,47
-3.2422527083219848,80.09025190363263,70.71881234649027,3.145727954790118,30.86,45.31,TEST_20250430_172800,1746008880.6381557,48
-3.4969362371987245,79.0913139848999,69.73951019087144,2.1711455814092915,30.87,45.26,TEST_20250430_172800,1746008880.6381557,49
-5.05060548721417,80.51654195731044,70.16835266102498,2.5063888165148,30.86,45.25,TEST_20250430_172800,1746008880.6381557,50
-4.986723080178308,80.99197197520334,69.65153276586898,2.626609103756209,30.86,45.23,TEST_20250430_172800,1746008880.6381557,51
-4.094061580209427,83.84242792002351,72.50921770617606,2.2970955739672263,30.84,45.21,TEST_20250430_172800,1746008880.6381557,52
-4.890899469624401,80.70511700204315,70.37630292313679,1.8069395346185502,30.86,45.2,TEST_20250430_172800,1746008880.6381557,53
-4.030179173173337,83.31785793791641,71.99239781102096,2.4173158612088628,30.84,45.19,TEST_20250430_172800,1746008880.6381557,54
-4.603428637962679,82.84455208255986,71.55061339493841,2.3479308272058006,30.86,45.11,TEST_20250430_172800,1746008880.6381557,55
-4.539546230926817,82.31998210045276,71.03379349978331,2.4681511144472097,30.86,45.09,TEST_20250430_172800,1746008880.6381557,56
-3.6788259344757535,84.93272303632693,73.64988838766749,2.0785274410375223,30.84,45.08,TEST_20250430_172800,1746008880.6381557,57
-4.583002323921846,84.64586806316584,73.37465854493439,2.2588578718998633,30.84,45.05,TEST_20250430_172800,1746008880.6381557,58
-6.28401660278314,83.22170217202438,71.96651391916203,1.9490322634135282,30.86,45.01,TEST_20250430_172800,1746008880.6381557,59
-6.124310585193371,84.41027721675619,72.17446418127474,2.2495829815175057,30.86,44.96,TEST_20250430_172800,1746008880.6381557,60
-6.028486974639463,85.12342224359509,72.89923433854165,2.4299134123798467,30.86,44.93,TEST_20250430_172800,1746008880.6381557,61
-7.092369381675326,84.64799222570309,71.41605423369674,1.3096931251382102,30.86,44.95,TEST_20250430_172800,1746008880.6381557,62
-6.932663364085556,84.8365672704349,71.62400449580855,1.6102438432421877,30.86,44.9,TEST_20250430_172800,1746008880.6381557,63
-5.848354643008861,89.11331326893287,75.93122975064944,2.6413911751776595,30.84,44.82,TEST_20250430_172800,1746008880.6381557,64
-6.944178253562768,88.40016824209397,75.20645959338253,1.4610607443153185,30.84,44.85,TEST_20250430_172800,1746008880.6381557,65
-7.741016142977742,86.2628573241127,72.07354481034326,0.9709047049668698,30.86,44.84,TEST_20250430_172800,1746008880.6381557,66
-6.370082689506262,89.77625625029032,75.60166227322588,2.0367445539043274,30.83,44.8,TEST_20250430_172800,1746008880.6381557,67
-6.720589828936909,89.06417330471868,73.89758996033925,1.8818317496609325,30.84,44.78,TEST_20250430_172800,1746008880.6381557,68
-7.389662904280158,87.87772242252322,72.73103538698979,1.6321162847955293,30.86,44.73,TEST_20250430_172800,1746008880.6381557,69
-8.389662904280158,87.87772242252322,72.73103538698979,1.6321162847955293,30.86,44.73,TEST_20250430_172800,1746008880.6381557,70
-7.592825014865184,89.01503334050449,73.86395017002906,2.122272324143978,30.84,44.74,TEST_20250430_172800,1746008880.6381557,71
-7.433118997275187,90.2036083852363,74.07190043214177,1.4228230422479555,30.84,44.69,TEST_20250430_172800,1746008880.6381557,72
-7.018729450808678,91.39112134869993,75.25915284987241,1.6979561337327596,30.83,44.69,TEST_20250430_172800,1746008880.6381557,73
-7.209530572649555,91.867613447861,75.76303079909849,1.8435940475935695,30.84,44.62,TEST_20250430_172800,1746008880.6381557,74
-9.102192072618436,88.01715750304083,72.9053458587914,1.1731075773825523,30.86,44.64,TEST_20250430_172800,1746008880.6381557,75
-7.380751479716537,93.24263937478918,77.13753563455975,1.3938602305627228,30.82,44.62,TEST_20250430_172800,1746008880.6381557,76
-7.827082229701091,91.81741140237864,74.70869316440621,1.0586169954574416,30.83,44.63,TEST_20250430_172800,1746008880.6381557,77
-7.731258619147184,91.53055642921845,75.43346332167312,1.2389474263197826,30.83,44.6,TEST_20250430_172800,1746008880.6381557,78
-9.84666244447476,88.91887757461245,71.83806627817103,0.6539887263486435,30.86,44.56,TEST_20250430_172800,1746008880.6381557,79
-8.858177333951971,92.48247854627152,75.42052137574501,1.5048056274220016,30.84,44.51,TEST_20250430_172800,1746008880.6381557,80
-8.411846583967417,93.90770651868206,76.84936384589764,1.8400488625277376,30.83,44.5,TEST_20250430_172800,1746008880.6381557,81
-8.029398241018953,93.8575044731997,76.79502621120628,1.0550718103913823,30.82,44.51,TEST_20250430_172800,1746008880.6381557,82
-9.794294926916109,91.95790856416443,73.903701480589,0.6250259146636381,30.84,44.49,TEST_20250430_172800,1746008880.6381557,83
-9.284081769895693,93.85856655446787,75.81572405558745,1.0804894370107831,30.83,44.46,TEST_20250430_172800,1746008880.6381557,84
-9.092434548787878,94.28485660814567,76.26526437012217,1.4411502987354652,30.83,44.4,TEST_20250430_172800,1746008880.6381557,85
-9.15631695582374,93.80942659025277,75.78208426527726,1.3209300114938287,30.83,44.42,TEST_20250430_172800,1746008880.6381557,86
-9.124375752305923,94.04714159919968,76.02367431769926,1.3810401551147606,30.83,44.41,TEST_20250430_172800,1746008880.6381557,87
-10.379059281182435,94.04820368046694,75.04437216208134,1.4064577817337067,30.84,44.36,TEST_20250430_172800,1746008880.6381557,88
-10.124375752305923,94.04714159919968,75.02367431769926,1.3810401551147606,30.83,44.41,TEST_20250430_172800,1746008880.6381557,89
-10.379059281182435,93.04820368046694,75.04437216208134,0.4064577817337067,30.84,44.36,TEST_20250430_172800,1746008880.6381557,90
-10.379059281182435,93.04820368046694,74.04437216208134,0.4064577817337067,30.84,44.36,TEST_20250430_172800,1746008880.6381557,91
-9.836904920644201,95.18657667971729,75.19798478950179,0.9220314477017837,30.83,44.32,TEST_20250430_172800,1746008880.6381557,92
-12.494463106510239,90.43652482586185,70.44897511857835,-0.17850091823720504,30.87,44.32,TEST_20250430_172800,1746008880.6381557,93
-11.219353263592666,93.23677872519966,73.25232242419315,0.7070084998376842,30.84,44.31,TEST_20250430_172800,1746008880.6381557,94
-11.155470856556803,93.71220874309165,73.73550252903806,0.8272287870793207,30.84,44.29,TEST_20250430_172800,1746008880.6381557,95
-11.155470856556803,93.71220874309165,72.73550252903806,0.8272287870793207,30.84,44.29,TEST_20250430_172800,1746008880.6381557,96
-10.54943408898248,95.3260117602349,75.3722952613025,1.4630227402888067,30.83,44.23,TEST_20250430_172800,1746008880.6381557,97
-10.70914010657225,94.1374367155031,74.16434499919069,1.1624720221848293,30.83,44.28,TEST_20250430_172800,1746008880.6381557,98
-12.824543931900052,91.5257578608971,70.56894795568769,0.5775133222139175,30.86,44.24,TEST_20250430_172800,1746008880.6381557,99
-11.485551681946617,95.80144177812781,74.85547536614831,0.5832430275302158,30.83,44.21,TEST_20250430_172800,1746008880.6381557,100
0.0,0.0,0.0,0.0,32.37,46.04,TEST_20250430_173558,1746009358.9482918,1
-0.3505071394308743,-0.7120829455716375,-0.7040723128866375,-0.15491280424316756,32.38,46.02,TEST_20250430_173558,1746009358.9482918,2
-0.1588599183230599,0.7142071081070753,-0.2545319983519221,0.20574805748151448,32.38,45.96,TEST_20250430_173558,1746009358.9482918,3
0.35135323869758395,2.614865098410519,2.6574905766465236,0.6612115798286595,32.37,45.93,TEST_20250430_173558,1746009358.9482918,4
1.4356619597740519,6.891611096908491,6.964715831486501,1.6923589117641313,32.35,45.85,TEST_20250430_173558,1746009358.9482918,5
2.1703096406870372,12.359056302675526,11.521287037202455,2.074892215042155,32.35,45.62,TEST_20250430_173558,1746009358.9482918,6
2.936898525118295,18.064216517389468,17.319448295339498,3.517535661940883,32.35,45.38,TEST_20250430_173558,1746009358.9482918,7
2.9066495201343514,21.632065814122143,20.98469477044,3.4700230694911625,32.37,45.13,TEST_20250430_173558,1746009358.9482918,8
2.7371208116014714,27.81265604672808,26.26603613342286,5.0328868036317544,32.37,44.87,TEST_20250430_173558,1746009358.9482918,9
2.344003678442732,32.329241216710216,30.856247129448093,6.174979532426505,32.37,44.68,TEST_20250430_173558,1746009358.9482918,10
4.002407963575251,37.982075223404536,37.55867506413142,7.781810673950531,32.34,44.55,TEST_20250430_173558,1746009358.9482918,11
4.8009380515243265,43.924950447064475,43.59842637469137,8.284564264470191,32.34,44.3,TEST_20250430_173558,1746009358.9482918,12
3.7813578367511127,42.02641661929829,40.727799488456185,6.879935995361848,32.37,44.23,TEST_20250430_173558,1746009358.9482918,13
4.121196185971257,47.20488268936788,46.96774516267578,8.391964476263638,32.35,44.07,TEST_20250430_173558,1746009358.9482918,14
4.5683730352227485,50.5328928146173,49.35000589659012,9.233506486954411,32.35,43.93,TEST_20250430_173558,1746009358.9482918,15
5.429939430940522,55.04841590333035,53.91951904823418,10.350181589130216,32.34,43.79,TEST_20250430_173558,1746009358.9482918,16
4.334961919653779,56.23805302933033,55.14816715472807,8.67614993385314,32.35,43.69,TEST_20250430_173558,1746009358.9482918,17
4.036822297781782,59.56500107331158,57.50973004426032,9.492274317924966,32.34,43.6,TEST_20250430_173558,1746009358.9482918,18
5.216954629412385,64.55489209865027,62.54172545636811,10.703752080723007,32.32,43.49,TEST_20250430_173558,1746009358.9482918,19
4.675646368141088,63.31930125223971,61.341531092708465,10.694477190340649,32.34,43.4,TEST_20250430_173558,1746009358.9482918,20
4.963117199802582,65.45873633275733,63.51584156451008,10.235468482927672,32.34,43.31,TEST_20250430_173558,1746009358.9482918,21
5.111308327915367,70.21091234914911,68.30624692419588,11.386836102105008,32.32,43.21,TEST_20250430_173558,1746009358.9482918,22
5.430720363094906,72.58806243861363,69.7221474484204,10.987937538312735,32.32,43.11,TEST_20250430_173558,1746009358.9482918,23
5.654308787720765,74.25206750123834,71.41327781537711,11.408708543658122,32.32,43.04,TEST_20250430_173558,1746009358.9482918,24
5.017176915895334,73.30333162798888,69.48831329444965,11.21910322241365,32.34,42.98,TEST_20250430_173558,1746009358.9482918,25
5.420051572884859,77.0544455631125,74.25802080975336,11.345053214971585,32.31,42.93,TEST_20250430_173558,1746009358.9482918,26
6.089970747495272,80.14367859814774,76.37799364686452,12.101067455422708,32.3,42.85,TEST_20250430_173558,1746009358.9482918,27
4.516721282705703,79.67037274279028,75.93620923078197,12.031682421419418,32.32,42.77,TEST_20250430_173558,1746009358.9482918,28
5.058875643243937,81.80874574204063,78.0898218582015,11.547256087387268,32.31,42.73,TEST_20250430_173558,1746009358.9482918,29
5.760736021372395,85.13569378602187,80.45138474773466,11.363380471459095,32.3,42.64,TEST_20250430_173558,1746009358.9482918,30
5.8131035389310455,89.17472477557385,84.51701995015264,12.334417659773862,32.28,42.57,TEST_20250430_173558,1746009358.9482918,31
4.665758510085425,86.32533091202185,80.68003285422765,11.689348816182019,32.31,42.54,TEST_20250430_173558,1746009358.9482918,32
4.825464527675194,86.51390595675366,81.88798311633946,11.989899534285996,32.31,42.49,TEST_20250430_173558,1746009358.9482918,33
5.303736481177793,88.1768489381102,82.5584156389159,12.385252913012437,32.3,42.47,TEST_20250430_173558,1746009358.9482918,34
4.495383702285608,89.60313899178891,84.00795595345062,12.745913774737119,32.3,42.41,TEST_20250430_173558,1746009358.9482918,35
5.738552341684681,93.1656778821798,87.56971320664252,12.571313049191076,32.27,42.41,TEST_20250430_173558,1746009358.9482918,36
4.846736940983192,92.21800409019943,85.66544653009714,12.407125354565778,32.3,42.3,TEST_20250430_173558,1746009358.9482918,37
5.739398440951845,94.0684600350196,88.5231314704024,13.077611824776568,32.28,42.28,TEST_20250430_173558,1746009358.9482918,38
7.1742143014591875,99.05728897908921,93.53442903812993,13.263671960955435,32.25,42.22,TEST_20250430_173558,1746009358.9482918,39
6.600964836669618,98.58398312373265,92.09264462204737,13.194286926952145,32.27,42.14,TEST_20250430_173558,1746009358.9482918,40
6.493626336638727,101.43443906855282,94.95032956235355,13.864773397163162,32.25,42.12,TEST_20250430_173558,1746009358.9482918,41
5.82455326129525,100.24798818635736,92.78377498900409,12.615057932297532,32.27,42.07,TEST_20250430_173558,1746009358.9482918,42
5.82455326129525,100.24798818635736,92.78377498900409,12.615057932297532,32.27,42.07,TEST_20250430_173558,1746009358.9482918,43
6.112024092956972,101.38742326687498,93.9580854608057,13.156049224884782,32.27,41.98,TEST_20250430_173558,1746009358.9482918,44
5.876920778854355,103.28701917591025,95.84941019142298,13.586095120612526,32.25,42.0,TEST_20250430_173558,1746009358.9482918,45
5.239788907028924,102.33828330266078,94.92444567049552,13.396489799367828,32.27,41.94,TEST_20250430_173558,1746009358.9482918,46
6.546839953464314,106.37625221094459,97.96938302853232,14.342109361063422,32.24,41.92,TEST_20250430_173558,1746009358.9482918,47
6.100509203479987,104.95102423853496,96.54054055837969,13.00686612595814,32.25,41.93,TEST_20250430_173558,1746009358.9482918,48
5.260215221069984,106.13959928326676,97.7484908204915,13.30741684406189,32.25,41.88,TEST_20250430_173558,1746009358.9482918,49
6.1848179245566826,109.22777023703384,99.84776581322058,14.03801345789384,32.23,41.85,TEST_20250430_173558,1746009358.9482918,50
4.7189069597982325,105.9040084368562,96.54829645683185,13.298141953679533,32.27,41.79,TEST_20250430_173558,1746009358.9482918,51
5.898193192161898,108.9911173093551,98.62687360517884,13.003320940892081,32.24,41.81,TEST_20250430_173558,1746009358.9482918,52
4.898193192161898,107.9911173093551,98.62687360517884,13.003320940892081,32.24,41.81,TEST_20250430_173558,1746009358.9482918,53
5.089840413269712,109.41740736303382,100.07641391971356,13.363981802616763,32.24,41.75,TEST_20250430_173558,1746009358.9482918,54
5.631994773808174,110.55578036228326,101.230026547134,13.87955546858484,32.23,41.71,TEST_20250430_173558,1746009358.9482918,55
6.556597477294872,113.64395131604942,104.32930153986217,14.610152082416334,32.21,41.68,TEST_20250430_173558,1746009358.9482918,56
4.249546430859482,109.60598240776562,99.28436418182537,13.66453252072074,32.24,41.7,TEST_20250430_173558,1746009358.9482918,57
5.684362291366824,114.59481135183523,104.29566174955198,14.850592656899607,32.21,41.64,TEST_20250430_173558,1746009358.9482918,58
4.919465605469895,112.69521544280087,102.40433701893653,14.420546761171863,32.23,41.62,TEST_20250430_173558,1746009358.9482918,59
4.919465605469895,112.69521544280087,101.40433701893653,14.420546761171863,32.23,41.62,TEST_20250430_173558,1746009358.9482918,60
4.696723280110973,112.93399253301504,101.6666249157388,13.506074531411514,32.24,41.56,TEST_20250430_173558,1746009358.9482918,61
5.939891919510501,116.49653142340594,105.2283821689316,14.331473805865699,32.21,41.56,TEST_20250430_173558,1746009358.9482918,62
6.035715530064408,117.20967645024575,104.9531523261985,14.51180423672804,32.21,41.53,TEST_20250430_173558,1746009358.9482918,63
6.09959793710027,116.68510646813866,105.43633243104341,14.632024523969676,32.21,41.51,TEST_20250430_173558,1746009358.9482918,64
4.334701251203342,114.7855105591043,103.54500770042705,13.201978628241932,32.23,41.49,TEST_20250430_173558,1746009358.9482918,65
5.09959793710027,116.68510646813866,105.43633243104341,13.632024523969676,32.21,41.51,TEST_20250430_173558,1746009358.9482918,66
5.2273627511722225,117.63596650392356,105.40269264073322,13.872465098452949,32.21,41.47,TEST_20250430_173558,1746009358.9482918,67
5.291245158208085,118.11139652181646,105.88587274557813,13.992685385694358,32.21,41.45,TEST_20250430_173558,1746009358.9482918,68
6.120024251141331,120.48642244874463,108.26037758103939,14.542951568663966,32.19,41.45,TEST_20250430_173558,1746009358.9482918,69
5.088083047623286,120.24870743979864,107.0187875286174,14.482841425043034,32.19,41.46,TEST_20250430_173558,1746009358.9482918,70
4.801458315228501,120.0120545121199,106.79789532057566,14.448148908041276,32.2,41.42,TEST_20250430_173558,1746009358.9482918,71
6.044626954628029,123.5745934025108,110.35965257376756,15.27354818249546,32.17,41.42,TEST_20250430_173558,1746009358.9482918,72
5.343612675766963,122.15042751136934,107.9515079479961,14.963722574009353,32.19,41.38,TEST_20250430_173558,1746009358.9482918,73
5.247789065213283,121.43728248453044,107.2267377907292,14.783392143147012,32.19,41.41,TEST_20250430_173558,1746009358.9482918,74
5.43943628632087,121.86357253820916,107.67627810526392,15.144053004871694,32.19,41.35,TEST_20250430_173558,1746009358.9482918,75
5.300156582771706,124.47631347408242,110.29237299314718,15.754429331461779,32.17,41.34,TEST_20250430_173558,1746009358.9482918,76
6.459862600361475,125.66488851881422,111.50032325525899,15.054980049565756,32.17,41.29,TEST_20250430_173558,1746009358.9482918,77
4.535259896874777,122.57671756504806,108.40104826253082,14.324383435734035,32.19,41.32,TEST_20250430_173558,1746009358.9482918,78
4.599142303910639,123.05214758294096,107.88422836737573,14.444603722975671,32.19,41.3,TEST_20250430_173558,1746009358.9482918,79
4.535259896874777,121.57671756504806,107.40104826253082,14.324383435734035,32.19,41.32,TEST_20250430_173558,1746009358.9482918,80
5.5876274144334275,125.61574855460003,111.4666834649488,15.295420624048802,32.17,41.25,TEST_20250430_173558,1746009358.9482918,81
6.002016960899937,126.80326151806457,111.65393588268034,15.570553715533606,32.16,41.25,TEST_20250430_173558,1746009358.9482918,82
5.619568617951245,125.85346356354603,110.7082735173708,15.355530767669734,32.17,41.24,TEST_20250430_173558,1746009358.9482918,83
6.033958164417754,127.04097652701057,111.89552593510234,14.630663859154538,32.16,41.24,TEST_20250430_173558,1746009358.9482918,84
3.790789525018454,123.47843763661876,108.33376868191044,13.805264584700353,32.19,41.24,TEST_20250430_173558,1746009358.9482918,85
6.022443274940315,130.60457749866964,114.47798103267542,15.481480760227669,32.14,41.19,TEST_20250430_173558,1746009358.9482918,86
5.958560867904453,130.12914748077674,113.99480092783051,15.361260472986032,32.14,41.21,TEST_20250430_173558,1746009358.9482918,87
6.341009210853144,130.07894543529437,113.94046329313915,15.576283420849904,32.13,41.22,TEST_20250430_173558,1746009358.9482918,88
6.436832821407052,130.79209046213327,114.66523345040605,15.756613851712245,32.13,41.19,TEST_20250430_173558,1746009358.9482918,89
5.958560867904453,129.12914748077674,112.99480092783051,15.361260472986032,32.14,41.21,TEST_20250430_173558,1746009358.9482918,90
4.161722978489706,126.99183656279638,109.86188614479215,14.871104433637583,32.16,41.2,TEST_20250430_173558,1746009358.9482918,91
5.436832821407052,130.79209046213327,113.66523345040605,15.756613851712245,32.13,41.19,TEST_20250430_173558,1746009358.9482918,92
5.692362449550501,132.69381053370398,115.59795386978567,16.237495000678564,32.13,41.11,TEST_20250430_173558,1746009358.9482918,93
5.596538838996821,130.98066550686508,114.87318371251877,16.057164569816223,32.13,41.14,TEST_20250430_173558,1746009358.9482918,94
5.150208089012267,129.55543753445545,112.44434124236523,15.721921334710714,32.14,41.15,TEST_20250430_173558,1746009358.9482918,95
5.6604212460326835,131.45609552475798,114.35636381736276,16.17738485705786,32.13,41.12,TEST_20250430_173558,1746009358.9482918,96
5.756244856586591,132.16924055159689,114.08113397463057,16.3577152879202,32.13,41.09,TEST_20250430_173558,1746009358.9482918,97
5.6604212460326835,131.45609552475798,113.35636381736276,16.17738485705786,32.13,41.12,TEST_20250430_173558,1746009358.9482918,98
6.202575606571145,133.59446852400833,115.50997644478412,16.69295852302571,32.12,41.08,TEST_20250430_173558,1746009358.9482918,99
6.170634403053327,133.35675351506143,115.26838639236121,16.632848379405004,32.12,41.09,TEST_20250430_173558,1746009358.9482918,100
