GM102B_slope,GM302B_slope,GM502B_slope,GM702B_slope,GM102B_mean,GM302B_mean,GM502B_mean,GM702B_mean,GM102B_CV,GM302B_CV,GM502B_CV,GM702B_CV,color
0.10000000000000663,-1.3731877240384822e-14,-0.09999999999999745,0.10000000000000547,178.66666666666666,277.26666666666665,317.4,470.8,0.0026384581387557744,0.0015949145421281078,0.0015434717975949456,0.0015894891192752513,gray
5.9685076137784135e-15,-1.3731877240384822e-14,-2.8720848296332925e-14,0.20000000000000717,179.13333333333333,276.93333333333334,317.06666666666666,471.4,0.0027850073589683224,0.0015968342755683196,0.0018087311326834793,0.0016970725498515063,gray
0.200000000000002,-1.3731877240384822e-14,0.1000000000000052,0.20000000000001553,179.4,277.2,317.26666666666665,471.6666666666667,0.0034058533593131473,0.0014430014430014434,0.0013938326498656862,0.0014824153331026875,gray
-0.29999999999999316,-0.09999999999999175,0.29999999999998456,0.30000000000002236,179.6,276.73333333333335,317.46666666666664,471.8,0.0027277168627875036,0.0015979883355121175,0.001571464673151593,0.0017648715552913375,gray
0.19999999999998547,-0.1999999999999931,-0.30000000000002663,-4.459982044322093e-14,180.06666666666666,276.73333333333335,317.4,472.1333333333333,0.0024558495300669382,0.0015979883355121175,0.0015434717975949456,0.0010566668700293536,gray
0.1000000000000014,-6.442251491762322e-15,-2.8720848296332925e-14,-0.09999999999999794,180.46666666666667,276.3333333333333,317.26666666666665,472.53333333333336,0.0027644310208895023,0.0017059270957455912,0.0013938326498656862,0.001308354753879191,gray
-3.4323803616228773e-15,-0.10000000000000235,-2.8720848296332925e-14,0.2000000000000026,180.6,276.46666666666664,317.1333333333333,472.73333333333335,0.0027126132256735085,0.0018045128462859622,0.0010718981529520256,0.001213132882110087,gray
0.19999999999998425,-0.30000000000002575,0.09999999999998191,0.20000000000002177,180.93333333333334,276.53333333333336,317.53333333333336,473.0,0.0024440860651108324,0.0018040778142593742,0.0015711347414545211,0.001091750062355861,gray
0.0999999999999951,3.2194882515582326e-14,0.2999999999999887,-1.5050265581830147e-14,181.33333333333334,276.26666666666665,317.6,473.46666666666664,0.0025996572837740715,0.0016006876401329154,0.0015424998380246715,0.0015165206440818093,gray
0.3000000000000138,-0.1999999999999992,0.199999999999997,0.09999999999999612,181.53333333333333,276.53333333333336,317.73333333333335,473.3333333333333,0.0027481875775056492,0.0018040778142593742,0.001804936061066434,0.0009959250439247147,gray
0.2999999999999857,0.19999999999999354,0.19999999999998566,0.7000000000000014,173.6,260.93333333333334,296.1333333333333,431.46666666666664,0.004100260465449812,0.002197834764190758,0.002087712403308353,0.0026583205398772024,gray
0.20000000000000823,0.2999999999999799,0.20000000000000565,0.10000000000000041,175.13333333333333,261.53333333333336,297.93333333333334,434.2,0.0035301174326211287,0.0019075490118653795,0.0019248881779016843,0.001247357347556573,gray
0.500000000000003,0.199999999999995,0.09999999999999395,0.19999999999998572,176.06666666666666,262.4,299.4,436.6,0.004383126430439314,0.0018669891332188863,0.002040781872614491,0.0016303371891939699,gray
0.40000000000000724,0.3000000000000062,0.29999999999999194,0.29999999999999427,177.33333333333334,262.6666666666667,300.6,438.46666666666664,0.003942890406654705,0.0022701197741114613,0.0023679481596875825,0.0018371667893560247,gray
0.20000000000001175,0.2000000000000047,-2.631266459173684e-15,0.3000000000000041,178.33333333333334,263.6,302.06666666666666,440.4,0.0026433898362113926,0.0018584899414136407,0.0014639703334166406,0.0016162697929202711,gray
5.9685076137784135e-15,0.3000000000000048,0.3000000000000019,0.4000000000000072,178.86666666666667,264.46666666666664,303.53333333333336,441.8,0.0027891594385195235,0.0018863914226236163,0.002036814956181793,0.001693824077308258,gray
-2.939458178668896e-15,-8.375720227300405e-15,0.2999999999999933,0.2000000000000181,179.26666666666668,264.93333333333334,304.4,443.46666666666664,0.0037925024273654036,0.0025661899917427205,0.0016093887928930214,0.0011249721547726826,gray
1.469686005271917e-14,0.09999999999999465,0.10000000000000266,0.1999999999999886,180.13333333333333,265.46666666666664,305.6,445.06666666666666,0.0027695465483152785,0.001879285478038143,0.0016030692033921325,0.0015275672599139563,gray
0.19999999999998425,0.20000000000001006,-0.20000000000000379,0.20000000000001394,180.73333333333332,265.8666666666667,306.6,446.1333333333333,0.002446790697421911,0.0018764580675897397,0.0015978406671775462,0.0013857768223992388,gray
0.19999999999999035,2.148714346353781e-14,0.09999999999998109,0.3999999999999982,181.2,266.26666666666665,307.26666666666665,447.2,0.002988976602147153,0.001660803600578568,0.0014391949621850293,0.001460637890747274,gray
-0.2999999999999834,0.49999999999998496,2.939372010543834e-14,1.300000000000011,249.73333333333332,334.4,360.06666666666666,467.73333333333335,0.007522158464284769,0.0028474595010138954,0.001228152116406369,0.007466249061407523,green
0.20000000000000379,0.7000000000000219,-2.8122932890162235e-14,0.09999999999998456,244.4,337.6666666666667,359.6666666666667,475.26666666666665,0.010000165182664136,0.003362169075207581,0.0013106705860733037,0.003210975772831981,green
-0.3000000000000059,0.3000000000000165,0.20000000000000412,-0.19999999999998805,248.33333333333334,340.6,360.6,473.46666666666664,0.009716489165559117,0.0020898567727600918,0.0013585633626085293,0.004284743467953518,green
1.30000000000001,0.8000000000000153,0.6000000000000254,-1.0999999999999894,253.26666666666668,342.93333333333334,361.73333333333335,476.26666666666665,0.011024159826992327,0.0032761079989021605,0.002937224004885593,0.006010893212089555,green
-2.000000000000012,0.3000000000000123,2.1769005451424326e-15,1.900000000000015,245.86666666666667,345.46666666666664,361.93333333333334,475.4,0.013355325765753526,0.0017895828821875156,0.0015845137717890273,0.006370953129491263,green
5.1,0.5999999999999948,0.4000000000000054,-2.7999999999999643,247.86666666666667,346.8666666666667,362.93333333333334,479.46666666666664,0.02874999175161446,0.003134635100961001,0.00255848425370759,0.012533972291142314,green
-2.7999999999999927,0.29999999999999777,-0.30000000000000987,-2.099999999999995,250.06666666666666,349.53333333333336,364.26666666666665,472.26666666666665,0.0168060970540917,0.002054230328870686,0.0018664053856488963,0.007864702584519547,green
-0.799999999999995,0.30000000000002214,2.861343623390262e-14,3.2000000000000086,242.93333333333334,350.26666666666665,364.1333333333333,473.8,0.0057169776772776236,0.0016372906865326658,0.001370068614710341,0.012923554245904073,green
0.9000000000000077,0.7999999999999696,2.861343623390262e-14,-0.8999999999999897,245.0,352.46666666666664,364.06666666666666,478.26666666666665,0.0066652782116549064,0.003568746408948971,0.001575228944706579,0.009427286545252813,green
0.5000000000000134,0.1999999999999958,0.2000000000000045,-2.300000000000025,249.2,355.1333333333333,364.2,477.26666666666665,0.006076948470626297,0.0014047897078182622,0.0017935125336138958,0.0109132700011871,green
2.1000000000000147,-0.20000000000000076,0.4999999999999824,-0.10000000000001645,167.33333333333334,279.8666666666667,305.8666666666667,450.3333333333333,0.016996596818885688,0.0022090563352776807,0.003348363447196429,0.001324096507771896,gray
0.5000000000000068,-0.19999999999997217,0.4999999999999875,0.3999999999999764,172.86666666666667,278.53333333333336,308.4,451.73333333333335,0.0051162742620214415,0.0017911236892168224,0.0025940337224383916,0.002055547266408518,gray
0.7000000000000088,-0.09999999999999835,0.49999999999997335,0.5000000000000069,175.53333333333333,277.8666666666667,310.06666666666666,453.4,0.005451082451351054,0.0017954210109279948,0.0024888920453214848,0.00176444640494045,gray
0.39999999999999164,-0.29999999999998417,0.3999999999999962,0.2000000000000182,176.93333333333334,277.53333333333336,312.06666666666666,455.26666666666665,0.0038425165889923022,0.0017975774137756148,0.0021786026548142644,0.0018752743410258745,gray
0.2000000000000034,-1.3731877240384822e-14,0.3000000000000151,0.09999999999998276,177.8,277.06666666666666,313.46666666666664,456.4,0.0022497187851518562,0.0020698568977484664,0.0015915173912266877,0.001073396031018045,gray
0.2999999999999962,-0.19999999999998805,0.19999999999999923,0.20000000000000212,178.53333333333333,276.26666666666665,314.6666666666667,457.4,0.0027943669804136977,0.0016006876401329154,0.0014981075872596344,0.0013358331715364639,gray
0.3000000000000126,5.340654274127487e-16,0.30000000000000415,0.3000000000000039,179.46666666666667,275.93333333333334,315.6,458.53333333333336,0.002779834611273359,0.000904000335050481,0.00155227486868389,0.0015659100922170701,gray
0.09999999999999494,-0.20000000000001816,0.1999999999999832,0.29999999999999727,179.8,275.6666666666667,316.6,459.8666666666667,0.0022246941045606233,0.0017100526751790746,0.0015473719158453432,0.0013443923594513925,gray
0.10000000000000105,-0.3000000000000061,0.29999999999998456,0.19999999999999948,180.13333333333333,275.3333333333333,317.46666666666664,460.4,0.0027695465483152785,0.002165683271186237,0.001571464673151593,0.0010640702618519456,gray
0.19999999999998425,-8.19428701152801e-15,0.2000000000000217,0.7000000000000322,180.8,274.93333333333334,318.3333333333333,461.53333333333336,0.002212389380530974,0.0009072884061042534,0.0018731459497380435,0.0019162933932430448,gray
-0.09999999999999525,1.600000000000026,1.899999999999981,-5.100000000000033,277.26666666666665,288.26666666666665,341.1333333333333,604.6666666666666,0.010240701822095147,0.008541251300934038,0.00841925316730038,0.03375092515463052,green
1.9999999999999993,1.3000000000000107,2.2999999999999807,10.099999999999984,278.26666666666665,294.46666666666664,351.1333333333333,601.1333333333333,0.015045825077247324,0.0059297264449666275,0.008997908191435571,0.05447923358614066,green
-1.4999999999999933,0.8000000000000075,1.2000000000000268,-13.000000000000002,277.73333333333335,299.53333333333336,359.93333333333334,590.2666666666667,0.00961353067426826,0.004700358798562849,0.004914428287246379,0.03456766266150289,green
-0.5000000000000031,0.5000000000000037,1.000000000000005,-3.000000000000088,281.6666666666667,304.26666666666665,365.6,611.6666666666666,0.01775936708383817,0.0038825690505410503,0.004973808058711107,0.03925824435539897,green
-0.5999999999999874,0.800000000000016,0.8999999999999821,-10.699999999999978,280.93333333333334,307.8666666666667,370.1333333333333,580.3333333333334,0.011874699575886858,0.003725563129944836,0.003252065937548233,0.04938621099138444,green
12.900000000000015,3.29999999999997,2.300000000000023,15.10000000000003,289.4,314.8666666666667,375.8666666666667,592.5333333333333,0.06435877900411521,0.015682307166750967,0.009158091978308327,0.045326257548798134,green
1.2000000000000015,1.7000000000000024,1.9999999999999978,17.40000000000002,310.46666666666664,327.0,383.93333333333334,590.4666666666667,0.00796531543525506,0.007150123513455732,0.007516881688457496,0.0634186753710728,green
-4.100000000000003,1.2000000000000144,1.3000000000000116,-4.499999999999947,302.4,335.1333333333333,392.06666666666666,596.0666666666667,0.022712581346013276,0.005433260506762547,0.005387852242052325,0.037561043728535706,green
0.29999999999999655,0.8000000000000037,0.6999999999999925,-0.699999999999971,293.3333333333333,340.1333333333333,395.3333333333333,551.6666666666666,0.014552555085074657,0.0036981501889677007,0.002557462207100017,0.021637832599413064,green
7.400000000000011,1.4000000000000177,1.700000000000003,19.00000000000001,307.2,344.93333333333334,399.1333333333333,564.7333333333333,0.04262873149973643,0.006304409134248199,0.006837978784185309,0.0590607847527029,green
0.0999999999999951,-2.138072969602043e-14,0.19999999999999746,0.49999999999999056,181.2,280.2,321.46666666666664,461.46666666666664,0.002988976602147153,0.0014275517487508927,0.0015519109858042068,0.00191657023424178,gray
1.430671811695131e-14,-0.30000000000002697,0.19999999999999976,0.30000000000002475,182.06666666666666,279.53333333333336,322.3333333333333,462.6666666666667,0.0024288720544528744,0.0017847161396489111,0.001462475245473728,0.0015112519426082873,gray
0.3000000000000014,-8.044678955643293e-15,0.1999999999999982,0.10000000000002636,182.33333333333334,279.0,322.8,463.53333333333336,0.0025853995655815264,0.0013087755256993216,0.0016778270145881785,0.0013337578736510433,gray
0.20000000000001456,-0.19999999999999413,0.299999999999991,0.3000000000000244,183.06666666666666,278.6,323.46666666666664,464.93333333333334,0.0024156043629682445,0.0017584276689039328,0.0015423154933116004,0.0016598561661586215,gray
-4.972977367994335e-15,-0.10000000000000464,-0.0999999999999948,4.0245556989650616e-14,183.86666666666667,278.53333333333336,323.73333333333335,465.26666666666665,0.00271331210063375,0.0017911236892168224,0.0013659904408383032,0.0009504584583336869,gray
-0.10000000000000303,1.7990770305294267e-14,0.10000000000000855,-0.09999999999999896,184.46666666666667,278.06666666666666,324.2,466.1333333333333,0.0027044867269779118,0.0008970648254073223,0.0012338062924120913,0.0015403789494091832,gray
-0.2000000000000047,-0.09999999999999835,0.2000000000000026,0.10000000000000021,184.46666666666667,277.8,324.73333333333335,466.6,0.0027044867269779118,0.0019496132480527864,0.0013617839418416753,0.0013094944120462465,gray
1.2077672994175482e-14,-0.10000000000000446,0.2000000000000026,0.10000000000002739,185.06666666666666,277.46666666666664,324.8,467.06666666666666,0.0023894991284981264,0.0017980093160855082,0.001667495567454015,0.001455615048128115,gray
0.20000000000000134,-0.10000000000000446,-0.1999999999999906,0.2000000000000266,185.06666666666666,277.4,324.8,467.6666666666667,0.0036736451827037364,0.0017660344216172883,0.001667495567454015,0.0010079925604940092,gray
0.09999999999999046,-0.09999999999997891,0.2999999999999858,1.5952108687556893e-14,185.6,277.2,325.4,468.1333333333333,0.0026395363607577354,0.001953833190148139,0.0018777200143232286,0.0010656956385001256,gray
1.9999999999999896,4.500000000000019,5.500000000000003,4.399999999999959,378.6,326.53333333333336,410.06666666666666,792.8666666666667,0.010600399326143622,0.0191044304863856,0.018410518831919447,0.00955962061035296,green
3.8000000000000145,4.3999999999999915,4.9999999999999725,1.1999999999999968,404.53333333333336,347.93333333333334,437.6,812.6666666666666,0.013979769321323991,0.018402310333079853,0.017055964083189497,0.0042070160475662305,green
1.200000000000001,3.7999999999999985,3.9999999999999822,2.1000000000000707,417.73333333333335,368.26666666666665,461.0,819.8,0.0072854849731971445,0.015311607859370387,0.012372667902361497,0.0048219783948519465,green
1.9999999999999998,3.899999999999994,3.799999999999985,0.2000000000000073,429.53333333333336,387.8,480.0,827.2,0.009981645314799642,0.014004065225660165,0.011410886614690962,0.0023022012986920856,green
1.1000000000000036,2.6999999999999775,1.9000000000000075,2.6000000000000365,429.73333333333335,404.46666666666664,495.53333333333336,830.6,0.011414813614115516,0.010047635176613267,0.006203224476468992,0.004811780973536194,green
-1.9000000000000081,2.4999999999999862,2.200000000000017,2.6999999999999655,436.0,419.2,509.06666666666666,838.6,0.010154102578522319,0.009389687925652361,0.00635385514442546,0.004825181939897771,green
1.0000000000000147,2.7000000000000215,2.8999999999999875,-6.468102914858094e-14,443.93333333333334,432.8,520.6,843.8,0.00782340668426557,0.00893672809880486,0.007709011111943864,0.001511505607150904,green
0.5000000000000284,2.400000000000012,1.8000000000000054,0.40000000000008856,451.93333333333334,445.2,531.7333333333333,843.7333333333333,0.007157108405787403,0.007832702504116214,0.005383879276224647,0.0026490288581289836,green
4.40000000000002,2.3,2.000000000000006,4.4505534326215846e-14,458.06666666666666,456.2,540.4666666666667,842.0666666666667,0.012889879100849676,0.006894710572605844,0.005441407425709331,0.0014683902296723464,green
-2.9999999999999876,1.5000000000000444,0.8000000000000471,-0.5999999999999798,459.8,465.4,548.2666666666667,842.1333333333333,0.010601181041282244,0.005192542317831789,0.0020491609370565074,0.0024476923422641393,green
-0.09999999999999827,-0.30000000000000004,-0.2999999999999719,2.905898847233012e-14,195.73333333333332,300.93333333333334,358.4,447.8666666666667,0.0022592811923401912,0.001905698995800316,0.0017048272674686905,0.0013804135896837903,gray
1.767891354280765e-14,-0.2999999999999906,-0.39999999999999347,0.10000000000002553,195.06666666666666,299.53333333333336,357.3333333333333,447.6,0.0022670025908102524,0.0016655496936452002,0.001956732925690581,0.0013650806359713553,gray
1.767891354280765e-14,-0.29999999999999394,6.634990790694091e-15,2.905898847233012e-14,194.8,298.3333333333333,356.1333333333333,448.0,0.002780300617602998,0.00199871997988808,0.001400845146676878,0.0011526736149426835,gray
-0.3000000000000023,-0.3000000000000093,-0.2999999999999601,-0.29999999999997456,194.6,297.46666666666664,355.2,448.53333333333336,0.002517461195049515,0.0016771211953267337,0.0018389562633507345,0.001600821880836654,gray
4.460645698427556e-15,-0.1999999999999925,-0.3000000000000001,0.5000000000000294,194.26666666666668,296.46666666666664,354.26666666666665,448.73333333333335,0.0022763382226186684,0.0016827782265679977,0.001248259236114189,0.001902577399326355,gray
-0.19999999999999626,-0.2000000000000095,-0.200000000000004,0.2999999999999965,194.2,295.8,353.26666666666665,449.3333333333333,0.0027888906298098046,0.001352265043948614,0.00125179271196656,0.0010491198533925038,gray
-0.20000000000000395,-0.30000000000002464,-0.10000000000001491,-0.20000000000000384,193.6,294.73333333333335,352.3333333333333,449.46666666666664,0.0025304646103132006,0.001500395743205338,0.0013379503901353783,0.0013754996285220565,gray
4.460645698427556e-15,-2.5453087230643236e-15,-0.19999999999999812,-0.09999999999998517,193.8,293.8666666666667,351.8666666666667,449.73333333333335,0.0020639834881320948,0.0016976666909137663,0.000966089335656079,0.0012751742168755744,gray
-0.2999999999999967,-1.4833684640023982e-14,-0.09999999999999468,5.271031367349719e-16,193.33333333333334,292.93333333333334,350.93333333333334,450.2,0.0024382992454708534,0.0015096152891922621,0.0012601158018067627,0.0008884940026654821,gray
1.1521005923465723e-15,-0.20000000000000798,-0.30000000000002097,5.271031367349719e-16,193.06666666666666,292.46666666666664,350.46666666666664,450.0,0.0012920087661512228,0.001705793201173441,0.0017640514543457687,0.0011475506210984938,gray
-3.6999999999999993,-0.10000000000000664,-0.9999999999999913,-0.49999999999999867,160.4,292.53333333333336,344.06666666666666,465.26666666666665,0.032418952618453865,0.0027536567852312153,0.00491710038382078,0.0041131107879086755,black
-2.000000000000008,-0.10000000000001436,-1.0000000000000102,-0.8000000000000028,149.8,291.46666666666664,339.06666666666666,459.26666666666665,0.018595979008256498,0.0027637342117096462,0.004751492714744229,0.003024047997677407,black
-1.2000000000000066,-0.299999999999983,-1.0000000000000124,0.1999999999999997,143.6,290.2,333.8666666666667,458.3333333333333,0.013163831828001694,0.002250852049421712,0.004491702028435301,0.0013009850050907867,black
-1.0000000000000095,-0.4999999999999733,-0.7999999999999924,-1.0000000000000364,137.33333333333334,289.06666666666666,329.4,458.46666666666664,0.012087281163095855,0.0036755944304679954,0.004264583587473281,0.004279173758779166,black
0.3000000000000059,-0.2999999999999639,-0.7999999999999878,-0.5999999999999928,137.0,286.8,324.8,452.6666666666667,0.005959829057866613,0.0034163036858900673,0.0037623774178619372,0.002982099665878732,black
-0.8000000000000096,-1.5294590595345255e-15,-0.4000000000000083,0.49999999999995315,136.73333333333332,286.0,321.46666666666664,450.53333333333336,0.01050251546978938,0.0022113829791387267,0.0027512441230654505,0.002791944697264458,black
0.7999999999999953,-0.10000000000001104,-0.6000000000000155,-0.7999999999999733,135.13333333333333,284.2,318.6666666666667,448.6,0.011421644699349016,0.004103414422832724,0.003742373184100067,0.004590115979040125,black
-1.199999999999994,-0.20000000000000664,-0.7999999999999903,-0.5000000000000319,131.66666666666666,284.3333333333333,316.2,450.53333333333336,0.014848484353028029,0.0027742460882061505,0.004351627122190659,0.0026717179765119543,black
-4.691531425295148e-16,-0.3000000000000094,-0.5000000000000061,-0.8999999999999932,128.66666666666666,282.53333333333336,313.1333333333333,449.26666666666665,0.004634337777201638,0.003624891811169707,0.0028244622442881837,0.0035860056309822146,black
-0.7999999999999989,1.6763482128370237e-14,-0.499999999999999,-1.170532034173716e-14,128.73333333333332,281.1333333333333,310.8,446.3333333333333,0.012514806808487388,0.002199103271400452,0.0024077589361479676,0.0021123428862928977,black
0.10000000000000395,-0.20000000000000748,-1.5002328183016045e-14,1.923158374560868e-14,84.46666666666667,225.13333333333333,236.73333333333332,417.6666666666667,0.0073193516144401775,0.0027461114881538956,0.0018679948129289778,0.0014276571284914856,black
-0.09999999999999681,2.6355156836748596e-16,-0.09999999999999179,-0.30000000000000854,84.46666666666667,224.86666666666667,236.6,416.53333333333336,0.0073193516144401775,0.00151171642857776,0.00300847513441288,0.0017238043556768578,black
-0.39999999999999497,-0.29999999999998905,-0.20000000000000304,0.30000000000002564,83.8,224.73333333333332,236.53333333333333,416.4,0.009936353219408748,0.002551861544658151,0.002109164254100305,0.002111896567126629,black
-0.19999999999999143,-0.09999999999999343,-8.401150550797917e-15,-0.29999999999997434,83.26666666666667,224.4,236.2,416.3333333333333,0.005310848343243234,0.0031720375080306925,0.0016934801016088067,0.0016794377072380329,black
-0.2999999999999973,-0.10000000000000561,-0.20000000000000984,0.10000000000000062,82.73333333333333,224.2,235.66666666666666,416.0,0.005345084271322159,0.0033377853584067277,0.0029669274347104715,0.0017555210176447632,black
0.10000000000000298,-0.1000000000000063,-0.09999999999999858,0.30000000000002564,83.26666666666667,223.8,235.73333333333332,416.1333333333333,0.005310848343243234,0.002420029313266595,0.0018759189990697964,0.0017254613287838848,black
-4.1216512388987376e-15,1.452949423616506e-14,1.6704406782719206e-14,-0.10000000000000621,83.06666666666666,224.06666666666666,235.0,415.8666666666667,0.003002935302386791,0.001973594043650937,0.0015538228581706839,0.0014866332952061087,black
-0.10000000000000153,0.09999999999999795,1.6704406782719206e-14,-0.29999999999996224,82.13333333333334,223.6,235.13333333333333,415.4,0.007527287739850408,0.0021909568361209108,0.002121722362786471,0.001179340270959643,black
-0.10000000000000152,-0.299999999999994,-0.19999999999998982,0.5000000000000236,82.46666666666667,223.46666666666667,234.6,414.93333333333334,0.006049567318955442,0.0022324924742087955,0.002088226549687279,0.0018598709676719515,black
0.09999999999999977,5.143608909574684e-15,7.976054343778446e-15,2.570910046280778e-14,81.66666666666667,223.06666666666666,234.13333333333333,415.06666666666666,0.00730144645714217,0.001982441596147878,0.002130784388823429,0.0010654111115822034,black
3.0000000000000027,-2.5529812858924376e-15,1.0000000000000087,0.9999999999999903,121.33333333333333,216.86666666666667,233.0,417.26666666666665,0.03838296526719336,0.0015674821744828728,0.005650477155402432,0.0035510641909079523,gray
0.6999999999999991,0.10000000000000417,0.4999999999999979,0.300000000000028,130.53333333333333,216.66666666666666,236.33333333333334,420.53333333333336,0.010034158684570225,0.002175713172881685,0.003337703685810785,0.001707407992116203,gray
0.6999999999999941,-2.5529812858924376e-15,0.5000000000000094,0.20000000000001805,133.66666666666666,216.86666666666667,238.86666666666667,423.2,0.00650294504259616,0.0015674821744828728,0.003005953004261515,0.0021484218174205824,gray
0.3000000000000003,-2.5529812858924376e-15,0.4999999999999991,0.40000000000000846,135.53333333333333,216.86666666666667,241.06666666666666,424.6,0.00529775190077177,0.0015674821744828726,0.0032012823293114563,0.0020711109998858405,gray
0.20000000000000265,-2.5529812858924376e-15,0.2000000000000027,0.0999999999999854,136.66666666666666,217.0,243.06666666666666,426.0,0.0034493013716416954,0.001682711390184842,0.002359387072694083,0.0014846373991400843,gray
0.3000000000000104,-2.5529812858924376e-15,0.30000000000000837,0.10000000000000038,137.66666666666666,217.2,244.46666666666667,428.0,0.004331366542372474,0.0018416206261510136,0.00252893877706455,0.0014776998412001773,gray
0.40000000000000746,0.19999999999998289,0.20000000000000429,0.2999999999999967,138.73333333333332,217.33333333333334,246.0,429.0,0.005562631861023655,0.002169039206093704,0.0025709574472913654,0.0019032554333979629,gray
-1.0690364848010215e-14,0.09999999999999791,0.49999999999999634,0.40000000000001135,139.8,217.66666666666666,247.8,430.1333333333333,0.002861230329041488,0.0021657175534044336,0.0026359857334228446,0.0018727597603215393,gray
-8.101183087088358e-15,4.587946337978268e-15,0.300000000000004,-0.099999999999972,140.33333333333334,217.8,248.6,430.53333333333336,0.0033591771077745723,0.0018365472910927456,0.0019706273071465634,0.0018710198162890327,gray
5.2378066627997695e-15,4.587946337978268e-15,0.19999999999998144,0.29999999999997207,140.93333333333334,218.2,249.8,431.46666666666664,0.003137771797876442,0.0018331805682859764,0.0021681447570418896,0.0014328829566587927,gray
-0.2000000000000016,-0.19999999999999687,0.09999999999999981,-0.29999999999999555,125.06666666666666,222.93333333333334,251.86666666666667,426.26666666666665,0.007977947519773862,0.003829619759230173,0.004066249734181369,0.0020028539998225986,black
0.6999999999999992,0.2999999999999928,0.39999999999998714,-1.2443326060238892e-14,126.93333333333334,222.53333333333333,250.86666666666667,425.6,0.007860624762130126,0.0036198460076676373,0.0035255113370772253,0.0016724746635387391,black
0.5000000000000078,0.4000000000000012,-0.09999999999999658,-1.6655418520288565e-15,127.93333333333334,223.26666666666668,251.06666666666666,425.0,0.006032223503277866,0.0030450997393805823,0.0042319111658282605,0.002273157136657167,black
0.09999999999999015,-0.1000000000000063,-0.39999999999999286,-0.30000000000000054,128.26666666666668,223.73333333333332,251.26666666666668,424.53333333333336,0.004471063028608433,0.0030387482202579178,0.0033977841535860168,0.0027017353225636384,black
0.10000000000000582,-4.9457271822309804e-15,-0.10000000000000062,-0.4999999999999955,128.53333333333333,224.26666666666668,251.8,424.2,0.004809968099323499,0.0019718340014003564,0.003891167184723079,0.00274915223707935,black
-0.2000000000000016,0.09999999999999795,-0.40000000000000213,-0.3999999999999928,128.2,223.73333333333332,251.6,422.6666666666667,0.004224668957168986,0.002563267362050842,0.003495205606325627,0.002686023086108265,black
0.3999999999999939,0.30000000000000165,0.3999999999999942,0.19999999999999568,130.2,224.26666666666668,251.6,422.73333333333335,0.006395287248743881,0.0019718340014003564,0.0037845407676432696,0.002360294834741486,black
0.09999999999999905,0.09999999999998974,0.1999999999999996,0.2000000000000445,130.73333333333332,224.66666666666666,252.26666666666668,422.1333333333333,0.0033825852017903115,0.0026540866201777914,0.002273341772474267,0.002266693002907031,black
-2.384889435857915e-15,0.09999999999999397,0.5000000000000031,0.10000000000001219,131.46666666666667,225.33333333333334,253.6,422.6666666666667,0.0037947843679248896,0.0026462342928991597,0.005151397986925716,0.0020565307271932644,black
-0.20000000000000226,0.2000000000000059,0.39999999999999897,-0.20000000000003465,130.86666666666667,226.0,254.13333333333333,422.4,0.0038121827679816005,0.002798475805458743,0.0031697392375641584,0.0018939393939393944,black
0.09999999999999666,0.4000000000000004,0.4000000000000001,-2.159455552596811e-14,127.86666666666666,230.53333333333333,255.73333333333332,415.0,0.006916840021596245,0.003114612381222964,0.005041470178783556,0.003047978467632173,black
-0.09999999999999513,-0.30000000000000976,-0.19999999999999893,-0.09999999999998391,126.6,230.73333333333332,256.26666666666665,415.06666666666666,0.0056224740663672,0.0024855028220290747,0.0038935040445098245,0.0016379760724679687,black
-0.09999999999999974,-0.09999999999999212,1.0707539393061931e-14,2.2220942003220247e-14,126.93333333333334,230.8,255.46666666666667,415.26666666666665,0.0034838495697010496,0.002346631543800104,0.0034620300525630477,0.002055907605533103,black
0.1999999999999954,-0.09999999999999182,0.09999999999999827,0.3000000000000019,127.73333333333333,230.53333333333333,255.26666666666668,415.2,0.004489731350231016,0.003114612381222964,0.003344541257473413,0.0023598167078836014,black
0.30000000000000465,-0.30000000000000976,3.41791364443943e-15,-0.09999999999999507,128.53333333333333,230.8,256.26666666666665,415.8,0.004809968099323499,0.0028301441279990503,0.0017256112332754425,0.0017997390027772687,black
3.091016506281334e-16,0.1000000000000025,0.10000000000000438,-0.20000000000001142,128.46666666666667,230.2,255.73333333333332,415.46666666666664,0.004812464190708721,0.0017376194613379673,0.0033384380799962718,0.0019388713051339177,black
3.091016506281334e-16,-0.10000000000000558,-0.6999999999999998,-0.10000000000000661,128.33333333333334,230.26666666666668,255.73333333333332,415.0,0.004646375018181382,0.002952530117888121,0.004393195919278603,0.002155246243373291,black
-0.6000000000000048,0.2000000000000042,0.10000000000000438,-0.09999999999998847,128.73333333333332,230.86666666666667,255.93333333333334,414.6,0.010408985625189946,0.003110115395399656,0.00461579712077868,0.0026126510386351377,black
0.2999999999999966,-0.20000000000000376,-6.178500264412252e-15,0.20000000000000437,128.13333333333333,230.33333333333334,256.2,415.06666666666666,0.004824983608478515,0.0020466187588612083,0.0025495599716712763,0.0016379760724679687,black
-0.4999999999999986,0.40000000000001296,-0.09999999999999623,0.1999999999999748,127.33333333333333,230.8,256.73333333333335,415.8666666666667,0.007940183711048744,0.0028301441279990503,0.003886426784496433,0.002126723174322154,black
2.6703271370637434e-16,-5.044594477560811e-16,-1.0173673624631766e-14,0.09999999999997371,137.86666666666667,209.53333333333333,265.8,452.6666666666667,0.00361862416515855,0.0023809464758345156,0.0015048908954100831,0.0017425860922237453,gray
0.1000000000000089,2.4703878132947158e-14,-0.10000000000001151,0.0999999999999932,137.4,209.46666666666667,265.6666666666667,452.93333333333334,0.0035654872529595023,0.0023817042563806117,0.0017744210318357528,0.0015010360652319065,gray
0.09999999999999322,-0.09999999999999003,0.10000000000000038,-1.1986804011296912e-14,137.33333333333334,209.4,265.46666666666664,452.6,0.0034325571902259584,0.002339531750509244,0.001879285478038143,0.0015727026442821194,gray
0.09999999999999244,4.5711238269015075e-15,-0.1999999999999893,-0.10000000000001333,137.33333333333334,209.46666666666667,265.3333333333333,452.3333333333333,0.004341879567960757,0.002951501749043827,0.0022473044999997884,0.001545775752645765,gray
7.990689197284337e-15,-8.79598734713024e-16,-8.375720227300405e-15,0.199999999999991,136.93333333333334,209.2,265.06666666666666,452.2,0.0018216442973582965,0.001912045889101339,0.0016683223291526154,0.0011977057945799737,gray
-0.10000000000000256,0.1999999999999999,0.10000000000001277,-0.19999999999996068,137.4,209.26666666666668,265.06666666666666,452.0,0.0035654872529595023,0.0021131728514529467,0.0029114277924522703,0.0016157007596022599,gray
7.990689197284337e-15,-8.79598734713024e-16,-6.819210640985107e-15,-0.1000000000000175,137.13333333333333,209.06666666666666,264.6,452.2,0.0036379750965230347,0.002115194381604209,0.0018514661699041408,0.0016548683709747642,gray
-0.3000000000000047,-8.79598734713024e-16,-0.09999999999998417,-1.2675252127701284e-14,136.46666666666667,208.93333333333334,264.8666666666667,452.1333333333333,0.0036557473246447885,0.002744838949279715,0.0012834179495577107,0.0007518459913879069,gray
7.990689197284337e-15,-8.79598734713024e-16,0.09999999999999258,-0.3000000000000062,136.86666666666667,209.0,264.3333333333333,451.6666666666667,0.0036450632116648233,0.001747121395550769,0.0017833714531817087,0.0013201877357932334,gray
3.380051886336967e-15,-8.79598734713024e-16,-0.10000000000001133,-0.20000000000002588,137.2,209.06666666666666,264.6,451.53333333333336,0.003947540527033995,0.0011931305442518946,0.0018514661699041408,0.0015901859758259277,gray
0.2999999999999983,-0.30000000000000016,-0.19999999999997278,-0.10000000000003108,139.46666666666667,208.53333333333333,264.26666666666665,453.4,0.0035771103124033854,0.0023923640580396045,0.0016733727499270437,0.0013476182017220528,gray
0.19999999999999504,0.20000000000000304,0.10000000000000597,1.5447726625306123e-15,140.2,208.73333333333332,264.4,453.4,0.0038630710435739236,0.0021185722071896517,0.00185286667381481,0.0015699276947553759,gray
2.872127054572068e-15,-8.79598734713024e-16,0.3000000000000048,0.3000000000000129,141.2,208.93333333333334,264.6666666666667,453.2,0.0028328611898017007,0.0021165442184782383,0.001781125393416996,0.001441300231116904,gray
-0.20000000000000814,-8.79598734713024e-16,-8.375720227300405e-15,0.39999999999999053,140.66666666666666,208.8,265.0,453.06666666666666,0.0033512169724480927,0.0019157088122605363,0.00194867086601631,0.0015005943241885775,gray
5.2378066627997695e-15,-8.79598734713024e-16,7.955566789710284e-15,0.09999999999999179,140.86666666666667,208.93333333333334,265.2,454.06666666666666,0.0035415592870553154,0.0021165442184782387,0.002463036443220893,0.001263004737489741,gray
5.2378066627997695e-15,2.4703878132947158e-14,0.3000000000000085,1.2932942905926968e-15,140.93333333333334,209.0,265.4,454.06666666666666,0.0017699419994200289,0.0024708027727001064,0.001845885262082275,0.0014972895356314157,gray
0.09999999999999978,0.1000000000000078,0.09999999999998854,1.3761283561058906e-14,140.33333333333334,209.06666666666666,265.4,453.8666666666667,0.0033591771077745723,0.002115194381604209,0.001845885262082275,0.0015820108129067287,gray
0.30000000000000854,0.1999999999999999,-1.0173673624631766e-14,-0.09999999999998471,140.66666666666666,209.13333333333333,265.6666666666667,454.2,0.0033512169724480927,0.002385500405976373,0.0017744210318357526,0.001192431880909432,gray
-0.09999999999999201,0.0999999999999989,2.148714346353781e-14,-0.09999999999998271,141.73333333333332,209.4,266.1333333333333,454.6,0.003120060950475447,0.002339531750509244,0.0012773094973929824,0.0010776461692842843,gray
-0.500000000000001,0.0999999999999989,2.148714346353781e-14,-8.169424142318108e-15,141.13333333333333,209.4,266.2,454.8666666666667,0.004380547234527967,0.002339531750509244,0.0015026296018031556,0.001096777777157831,gray
